run,model_name,voxel_size,fold_id,epoch,train_loss,test_loss,aucroc,aps,accuracy,precision,recall,f1
vs_2_linear,linear,2,0,1,0.6681434574467321,0.6332142052468162,0.737345095568158,0.6993813765318045,0.6531738730450782,0.6083832335329341,0.910394265232975,0.7293610911701364
vs_2_linear,linear,2,0,2,0.641373314597549,0.6173528563274346,0.7428501737910848,0.7057437848251868,0.6596136154553818,0.6169154228855721,0.8888888888888888,0.7283406754772394
vs_2_linear,linear,2,0,3,0.6249026641945351,0.6296753888081051,0.7291298249893287,0.6952397120022223,0.640294388224471,0.6,0.8978494623655914,0.719310839913855
vs_2_linear,linear,2,0,4,0.612061366127394,0.6164417877874206,0.7413223028504448,0.7094044249839568,0.6485740570377185,0.6105527638190955,0.8709677419354839,0.7178729689807977
vs_2_linear,linear,2,0,5,0.6007508770842518,0.6215452050730238,0.7331510728973989,0.699346396360512,0.6448942042318307,0.6061728395061728,0.8799283154121864,0.7178362573099415
vs_2_linear,linear,2,0,6,0.5893813799679395,0.6320061715495505,0.7187972166324504,0.6840519369003027,0.6292548298068077,0.5925925925925926,0.8888888888888888,0.7111111111111111
vs_2_linear,linear,2,0,7,0.5825065038264359,0.6209096092783323,0.7341944969544215,0.6984699069586573,0.6375344986200552,0.6009852216748769,0.8745519713261649,0.7124087591240876
vs_2_linear,linear,2,1,1,0.6672535643125093,0.6393127278068426,0.7220504139674686,0.6684697453724046,0.681024447031432,0.6304347826086957,0.918552036199095,0.7476979742173112
vs_2_linear,linear,2,1,2,0.637150979562962,0.6355192818488119,0.7263094501774146,0.6694303522516702,0.670547147846333,0.6213740458015267,0.920814479638009,0.7420237010027347
vs_2_linear,linear,2,1,3,0.6224828753047512,0.6382802905815652,0.7173546230888593,0.6608322027779365,0.660069848661234,0.6119402985074627,0.9276018099547512,0.737410071942446
vs_2_linear,linear,2,1,4,0.6106769452264167,0.6277918505416219,0.7309374220080949,0.6819448031265596,0.6752037252619325,0.6251920122887865,0.920814479638009,0.7447392497712717
vs_2_linear,linear,2,1,5,0.6015720143211742,0.627686515333514,0.731154442961468,0.6821917366823398,0.6717112922002328,0.6219512195121951,0.9230769230769231,0.7431693989071039
vs_2_linear,linear,2,1,6,0.5886342792231246,0.6257285828845797,0.7291442863808499,0.6857215447505227,0.6752037252619325,0.6248085758039816,0.9230769230769231,0.7452054794520548
vs_2_linear,linear,2,1,7,0.5829817120826187,0.6223122770477706,0.7330126848747246,0.6916962284365388,0.6786961583236322,0.6276923076923077,0.9230769230769231,0.7472527472527473
vs_2_linear,linear,2,1,8,0.5747058496816477,0.626272884704954,0.7288350315222935,0.6820154633190568,0.6693830034924331,0.6193353474320241,0.9276018099547512,0.7427536231884058
vs_2_linear,linear,2,1,9,0.566665150600138,0.625188886170883,0.7268872684657705,0.6819317648988437,0.670547147846333,0.6206373292867982,0.9253393665158371,0.742960944595822
vs_2_linear,linear,2,1,10,0.5590326255994937,0.6224415791429304,0.7266051412263854,0.6845973998432126,0.6740395809080326,0.6234756097560976,0.9253393665158371,0.7449908925318761
vs_2_linear,linear,2,2,1,0.6617823000862907,0.6671102898428216,0.6743049844663742,0.6584553033105914,0.6300675675675675,0.6070528967254408,0.7927631578947368,0.6875891583452212
vs_2_linear,linear,2,2,2,0.6330574234912543,0.6510966755799018,0.685446934393275,0.660726349503679,0.6334459459459459,0.5993150684931506,0.8634868421052632,0.7075471698113207
vs_2_linear,linear,2,2,3,0.6190014554257222,0.6515226975432598,0.6980651498538011,0.6754781675672623,0.637668918918919,0.6046783625730994,0.850328947368421,0.706766917293233
vs_2_linear,linear,2,2,4,0.6061566278716073,0.6492326446110382,0.6929224917763159,0.6747961202085453,0.6385135135135135,0.6039260969976905,0.8601973684210527,0.7096336499321574
vs_2_linear,linear,2,2,5,0.5953976846963538,0.648842277773656,0.6935564007675439,0.6734423888217786,0.6418918918918919,0.6047835990888383,0.8733552631578947,0.7146702557200538
vs_2_linear,linear,2,2,6,0.5855682095028157,0.6526482647808735,0.6888920298793859,0.6760159638816692,0.6368243243243243,0.6034883720930233,0.8536184210526315,0.7070844686648501
vs_2_linear,linear,2,2,7,0.5768322877512536,0.658750525052892,0.6917232044956141,0.6811423440674125,0.6317567567567568,0.6023809523809524,0.8322368421052632,0.6988950276243094
vs_2_linear,linear,2,2,8,0.5691758047520066,0.665344154991908,0.6857681720577484,0.6791926785278039,0.6317567567567568,0.6036144578313253,0.8240131578947368,0.6968011126564673
vs_2_linear,linear,2,3,1,0.6636641990659674,0.6541015585401301,0.6818405044040301,0.6532401589329111,0.6244725738396625,0.6082251082251082,0.7656675749318801,0.6779252110977081
vs_2_linear,linear,2,3,2,0.6333871189213107,0.6536927767501851,0.6827672517584438,0.6523883319009154,0.6258790436005626,0.6086021505376344,0.771117166212534,0.6802884615384616
vs_2_linear,linear,2,3,3,0.6185872527724037,0.6478919473303452,0.688604967999493,0.6567752325289801,0.6258790436005626,0.605427974947808,0.7901907356948229,0.6855791962174941
vs_2_linear,linear,2,3,4,0.6056630859772896,0.6430654066222383,0.699504150560801,0.6625236880260481,0.6357243319268636,0.608433734939759,0.8256130790190735,0.7005780346820809
vs_2_linear,linear,2,3,5,0.597982900592181,0.6457648222689122,0.6894643875546543,0.6573862507538651,0.6315049226441631,0.6082474226804123,0.8038147138964578,0.6924882629107981
vs_2_linear,linear,2,3,6,0.5859374821148003,0.6515826696240039,0.6768899309295989,0.6523761415964402,0.6216596343178622,0.6029411764705882,0.782016348773842,0.6809015421115066
vs_2_linear,linear,2,3,7,0.577472535722321,0.6489874346274936,0.6806682086052849,0.6553776525704303,0.6244725738396625,0.6041666666666666,0.7901907356948229,0.6847697756788665
vs_2_linear,linear,2,4,1,0.6478945135078844,0.6858684035529078,0.6840634155708206,0.6481038066449268,0.6508355321020228,0.6194690265486725,0.8361774744027304,0.7116920842411039
vs_2_linear,linear,2,4,2,0.6236230273460669,0.700650455275502,0.6880415998216088,0.6556399944480108,0.6561125769569042,0.6245210727969349,0.8344709897610921,0.7143900657414171
vs_2_linear,linear,2,4,3,0.6119783308221808,0.6966082439992546,0.6920569488921786,0.6597373703338316,0.6534740545294635,0.6224489795918368,0.8327645051194539,0.7124087591240876
vs_2_linear,linear,2,4,4,0.6016526845989809,0.691984863477613,0.690355109853013,0.6590864281079188,0.6543535620052771,0.6210790464240903,0.8447098976109215,0.7158351409978309
vs_1_linear,linear,1,0,1,0.503753100218231,0.48340668619149124,0.9573297046807386,0.9634236227700936,0.7558653519211153,0.6899601946041575,0.9892200380469245,0.8129233976029182
vs_1_linear,linear,1,0,2,0.39322825181397003,0.45669853980639574,0.9283677385882472,0.9431116103088375,0.7953077184631078,0.7381533952125061,0.958148383005707,0.8338852097130243
vs_1_linear,linear,1,0,3,0.33316555090928296,0.4508430465296371,0.9176398447625972,0.9370429945174406,0.8085685141108466,0.7584097859327217,0.9435637285986049,0.8409155128567392
vs_1_linear,linear,1,0,4,0.2873272046663769,0.4698690625707356,0.9484204761630252,0.9543946737130223,0.7980278816729004,0.7328280435812411,0.9809765377298668,0.838937093275488
vs_1_linear,linear,1,0,5,0.25295771540225154,0.44475712649051813,0.9061332534955381,0.9271470697419046,0.8187691261475688,0.7830802603036876,0.9156626506024096,0.8441976030400468
vs_1_linear,linear,1,0,6,0.22172331856131505,0.4499829962228854,0.9279558425087913,0.9392581682606217,0.819449166950017,0.7662932790224033,0.9543436905516804,0.8500423609149957
vs_1_linear,linear,1,0,7,0.19919651996114818,0.446271939964598,0.9207778792279785,0.9339852268102318,0.8252295137708262,0.7787100157315154,0.9416613823715916,0.8524684270952928
vs_1_linear,linear,1,0,8,0.17815104994094416,0.44481034804981195,0.9047590268466985,0.9234856896469953,0.8235294117647058,0.794543429844098,0.9048826886493342,0.8461310406166618
vs_1_linear,linear,1,1,1,0.5068947542425837,0.4867927361134708,0.9542909290084549,0.957498378862635,0.7548518896833504,0.6893374286967968,0.9924194567277321,0.813568099430347
vs_1_linear,linear,1,1,2,0.39439618089675044,0.45977764376086006,0.9254239328313851,0.9383944830519256,0.7970718420156623,0.7417932386085252,0.9564118761844599,0.8355408388520972
vs_1_linear,linear,1,1,3,0.3329843150647423,0.4598890809820817,0.9249415176576083,0.9348647232939302,0.8076268300987403,0.7522299306243806,0.9589387239418825,0.84309913912802
vs_1_linear,linear,1,1,4,0.28835265099897966,0.4574778821016922,0.921636693785802,0.9326444872258794,0.8147769833163092,0.7611865258924082,0.9564118761844599,0.8477043673012318
vs_1_linear,linear,1,1,5,0.25055120394326125,0.46378891171120623,0.9227650507469038,0.931568577262641,0.81886278515492,0.764735516372796,0.9589387239418825,0.850896860986547
vs_1_linear,linear,1,1,6,0.2227646896620588,0.4723025437354672,0.9270867255580199,0.9337040662075952,0.818522301668369,0.7617148554336989,0.965255843335439,0.8514906659236556
vs_1_linear,linear,1,1,7,0.19975973384336082,0.4707791381467269,0.9207836027362365,0.9283204042466155,0.8239700374531835,0.7700101317122594,0.9602021478205938,0.8546527973010964
vs_1_linear,linear,1,2,1,0.5113621829636817,0.49006197402635127,0.9274309563899412,0.945135006242598,0.766383701188455,0.7091412742382271,0.9636135508155583,0.8170212765957446
vs_1_linear,linear,1,2,2,0.400340844809208,0.46744179984346107,0.9178808949548964,0.936664063834557,0.8030560271646859,0.7524900398406374,0.9479297365119197,0.8389783453636869
vs_1_linear,linear,1,2,3,0.33737961397149463,0.46830775606999947,0.8924032293565712,0.920684200531706,0.8071307300509338,0.7766990291262136,0.903387703889586,0.8352668213457076
vs_1_linear,linear,1,2,4,0.29181024322711024,0.4617272878542078,0.8946581694678509,0.9204826260436474,0.8142614601018676,0.7900277008310249,0.8946047678795483,0.8390703147984702
vs_1_linear,linear,1,2,5,0.25590513243360025,0.45412905643687695,0.9135275046041456,0.9292954755374767,0.8271646859083192,0.7835859905906952,0.9404015056461732,0.8548617051611064
vs_1_linear,linear,1,2,6,0.2265170956098234,0.45586088868814606,0.9081005101476948,0.925747820704894,0.8234295415959253,0.7880901287553648,0.9215809284818067,0.849624060150376
vs_1_linear,linear,1,2,7,0.20136338914795146,0.45430315586872605,0.9083638031961083,0.9235264420017443,0.8244482173174873,0.789049919484702,0.9222082810539524,0.8504483656349436
vs_1_linear,linear,1,2,8,0.1814543836017751,0.45145972211232327,0.8993041076501723,0.918092380509234,0.8241086587436333,0.7969094922737306,0.9058971141781681,0.8479154433352907
vs_1_linear,linear,1,2,9,0.1642533645390259,0.4551505042315589,0.8911926385678345,0.9128868311233336,0.8285229202037352,0.8102564102564103,0.8920953575909661,0.8492087190206031
vs_1_linear,linear,1,2,10,0.14946301312789304,0.45822321868831645,0.8986948651818857,0.9160872750676936,0.8251273344651953,0.800222593210907,0.9021329987452948,0.8481273960483633
vs_1_linear,linear,1,2,11,0.13693460409641323,0.45994307580070437,0.8935142145740828,0.912769069481755,0.8261460101867573,0.8053047404063205,0.8952321204516939,0.8478906714200832
vs_1_linear,linear,1,3,1,0.5043242501155233,0.5059656625805266,0.9572714943872163,0.9641119668006928,0.7371099050203528,0.6726649528706083,0.9930423782416192,0.8020434227330779
vs_1_linear,linear,1,3,2,0.39347714854433313,0.4683153742244552,0.9258601710972517,0.9421667112966242,0.7947761194029851,0.737585199610516,0.9582542694497154,0.8335625859697386
vs_1_linear,linear,1,3,3,0.33337914707667554,0.4591379897145374,0.9189455804503646,0.93583670379587,0.8137720488466758,0.7646153846153846,0.9430740037950665,0.8445199660152931
vs_1_linear,linear,1,3,4,0.2882727943175862,0.45864694931553224,0.9189020866387474,0.9339834096863389,0.8198778833107191,0.770618556701031,0.9456040480708412,0.8491905708605509
vs_1_linear,linear,1,3,5,0.2510945529179824,0.45829384706872683,0.9103148350450925,0.9281776956074876,0.8273405698778833,0.7854100106496272,0.9329538266919671,0.8528476438276958
vs_1_linear,linear,1,3,6,0.22195612160356595,0.4601237496722173,0.9139757184229145,0.9287675088497368,0.8225915875169606,0.7781282860147214,0.9361163820366857,0.8498420901521677
vs_1_linear,linear,1,3,7,0.19947421391749956,0.4646966780705908,0.881490468146104,0.9093270675495378,0.8293758480325645,0.8152046783625732,0.8817204301075269,0.8471589182619265
vs_1_linear,linear,1,3,8,0.178271247867252,0.46361098462085987,0.8918054420012335,0.9133911294464455,0.8331071913161465,0.8084985835694051,0.9025932953826692,0.8529587567244471
vs_1_linear,linear,1,4,1,0.500412669184219,0.48394271825004104,0.9462179537556694,0.9562517920277964,0.75963794837412,0.6941124391323594,0.9836888331242158,0.8139112379963664
vs_1_linear,linear,1,4,2,0.3912246564812219,0.46855536240415674,0.9267826704352987,0.9415066109654037,0.7877975192758967,0.7274017983909133,0.9642409033877039,0.8292419746425681
vs_1_linear,linear,1,4,3,0.32889792901473985,0.46091683524323884,0.9071965334366726,0.930080865764515,0.8045591686221925,0.7598971722365039,0.9272271016311167,0.8352641989262504
vs_1_linear,linear,1,4,4,0.28450703882462774,0.45785024398411484,0.9151741637331497,0.9325688731823454,0.8112638283607106,0.763952892985151,0.9360100376411543,0.8412743163236538
vs_1_linear,linear,1,4,5,0.2480310363979558,0.4676447013367013,0.9226459373839805,0.9354771012103256,0.8152866242038217,0.7590660705414803,0.958594730238394,0.8472414749098974
vs_1_linear,linear,1,4,6,0.2191581371863713,0.46157706269643284,0.889405284214653,0.9153041791961944,0.8152866242038217,0.7892401552967276,0.8927227101631117,0.8377980571092141
vs_1_linear,linear,1,4,7,0.1956681266332002,0.46368074745987314,0.9049775390616179,0.9234952257339357,0.8226617499161918,0.7804107424960506,0.9297365119196989,0.8485542513598626
vs_1_cnn,cnn,1,0,1,0.4029782560948493,0.18620239909975073,0.9843372564187913,0.9847267939364871,0.9323359401564094,0.8959770114942529,0.9885859226379201,0.9400060295447694
vs_1_cnn,cnn,1,0,2,0.12103036603058348,0.1374570664086077,0.9934496436122635,0.9935011110052254,0.9503570214212853,0.9201409277745156,0.9936588459099556,0.9554878048780487
vs_1_cnn,cnn,1,0,3,0.1036977003041991,0.09533576339580505,0.9949159192720876,0.9947946687347395,0.9653179190751445,0.9461584996975196,0.9917564996829423,0.968421052631579
vs_1_cnn,cnn,1,0,4,0.09006933154224542,0.0832384415354859,0.9953412972773948,0.9956888104740396,0.9710982658959537,0.9739517153748412,0.9720989220038047,0.9730244366867661
vs_1_cnn,cnn,1,0,5,0.07903193413335988,0.0741025181361913,0.9963236182885578,0.996708428726884,0.9734784087045223,0.9722747321991179,0.9784400760938491,0.9753476611883691
vs_1_cnn,cnn,1,0,6,0.07363434819692644,0.06823248657016576,0.9968935783262701,0.9972111084947178,0.9755185311118667,0.9717868338557993,0.9828788839568802,0.9773013871374527
vs_1_cnn,cnn,1,0,7,0.07045574321326037,0.07842428009096106,0.9959819212023273,0.9961443188113611,0.9704182250935056,0.9604449938195303,0.9854153455928979,0.9727699530516432
vs_1_cnn,cnn,1,0,8,0.06976893603409162,0.0810942299084497,0.9963222236065732,0.9967644558526743,0.9646378782726963,0.9521178637200737,0.9835129993658845,0.96756082345602
vs_1_cnn,cnn,1,0,9,0.06237174917687121,0.08260203124643616,0.9966560174948909,0.9969855616588861,0.9707582454947297,0.983149708360337,0.9619530754597336,0.9724358974358974
vs_1_cnn,cnn,1,1,1,0.5156243361321305,0.29606013137901693,0.9139369463772674,0.887711692558048,0.8855975485188968,0.8307692307692308,0.9892608970309539,0.903114186851211
vs_1_cnn,cnn,1,1,2,0.2414051994190484,0.18267217645493714,0.9835964844344126,0.983837039702649,0.9254341164453525,0.9093637454981993,0.9570435881238155,0.9325946445060018
vs_1_cnn,cnn,1,1,3,0.1826330617091348,0.14115623519227088,0.9905859058254665,0.9906081185974536,0.9427987742594485,0.9745137491616365,0.917877447883765,0.9453480806766428
vs_1_cnn,cnn,1,1,4,0.11545585801788037,0.0958182291931136,0.9937845890279942,0.994064720190664,0.9662921348314607,0.9649122807017544,0.9728363866077069,0.9688581314878892
vs_1_cnn,cnn,1,1,5,0.08933617132525352,0.09563590212105902,0.9940094672811471,0.9943007498392226,0.9656111678583589,0.9591078066914498,0.9778900821225521,0.9684078823897404
vs_1_cnn,cnn,1,1,6,0.09403748995774948,0.0893318555921662,0.9951623182428517,0.9954156949594646,0.9707184201566224,0.9600491702519975,0.9867340492735313,0.973208722741433
vs_1_cnn,cnn,1,1,7,0.07601471158128413,0.08243907111635038,0.994978963152625,0.9950605366951917,0.9727613210759278,0.9735349716446124,0.9759949463044851,0.9747634069400631
vs_1_cnn,cnn,1,1,8,0.06898370154900382,0.11285391572189259,0.9943463181084847,0.9945691979304592,0.9635682669390535,0.9810951760104303,0.950726468730259,0.9656721206288098
vs_1_cnn,cnn,1,1,9,0.0667173220737934,0.09224364542124158,0.995364801981168,0.9953921530072523,0.9683350357507661,0.9763427109974424,0.9646241313960834,0.9704480457578646
vs_1_cnn,cnn,1,1,10,0.07224473253233532,0.09271350029796892,0.9952388328352109,0.9953517207117586,0.9690160027238679,0.9812903225806452,0.9608338597599495,0.970954356846473
vs_1_cnn,cnn,1,2,1,0.571943170991117,0.24765030824103937,0.9385668128167527,0.9221561183733104,0.9147707979626486,0.8732629238465814,0.9855708908406524,0.9260241674034777
vs_1_cnn,cnn,1,2,2,0.2226104893705959,0.1554999149174705,0.9812161074049893,0.9812777180467557,0.9300509337860781,0.9072769953051644,0.9698870765370138,0.9375379017586416
vs_1_cnn,cnn,1,2,3,0.13654450347764102,0.12201353075600825,0.9891956977823018,0.9876469112818941,0.9514431239388794,0.9346914319952067,0.9786700125470514,0.9561752988047809
vs_1_cnn,cnn,1,2,4,0.12190563587227579,0.13757245505400797,0.9898597349238029,0.9892901023645069,0.9439728353140917,0.9685245901639344,0.9265997490589711,0.9470984289836486
vs_1_cnn,cnn,1,2,5,0.10222620220384192,0.11098236562814694,0.9898174780147981,0.9885697243360014,0.9555178268251273,0.9501538461538461,0.9686323713927227,0.9593041317179248
vs_1_cnn,cnn,1,2,6,0.11030987241507423,0.10263442928196949,0.9927192738869948,0.991404361574546,0.9585738539898132,0.9380952380952381,0.9887076537013801,0.9627367135003054
vs_1_cnn,cnn,1,2,7,0.08686527022515672,0.12667587460874152,0.9920269106856113,0.991065986072818,0.9473684210526315,0.9806279225116901,0.9209535759096612,0.9498544160465868
vs_1_cnn,cnn,1,2,8,0.08567156299517777,0.09187340534132875,0.9932356440277985,0.9919253644883836,0.9643463497453311,0.9547953573610263,0.9805520702634881,0.9675023212627669
vs_1_cnn,cnn,1,2,9,0.07782548406497798,0.1345688951125593,0.993654033863108,0.9931662068844288,0.9473684210526315,0.9845117845117846,0.917189460476788,0.9496589801883728
vs_1_cnn,cnn,1,2,10,0.08066456938324137,0.10819717795669444,0.9916182724446876,0.9913756712681046,0.9521222410865874,0.9321832242712671,0.9830614805520702,0.9569465648854962
vs_1_cnn,cnn,1,2,11,0.07477058180368606,0.09190313240389007,0.9934116370883782,0.9931846152998143,0.9646859083191851,0.9633084577114428,0.9717691342534505,0.9675202998126171
vs_1_cnn,cnn,1,3,1,0.6114485693368072,0.20156414338877462,0.9718437720794714,0.9730108850220709,0.9151967435549525,0.8749295774647887,0.9822896900695762,0.9255065554231228
vs_1_cnn,cnn,1,3,2,0.1671203127812103,0.11619182214216532,0.9905488872756079,0.990353911823928,0.9528493894165536,0.9286563614744352,0.9879822896900696,0.9574011645724794
vs_1_cnn,cnn,1,3,3,0.11748292824243035,0.16978878414221552,0.9909597649853533,0.9911067467735314,0.9443690637720489,0.9093009820912767,0.9955724225173941,0.9504830917874396
vs_1_cnn,cnn,1,3,4,0.087197146177101,0.1107071732668814,0.9917019359835871,0.9915473951851541,0.9589552238805971,0.9355608591885441,0.9917773561037319,0.9628492477740251
vs_1_cnn,cnn,1,3,5,0.08196040348998503,0.10725370703861022,0.9924357783795964,0.9923591111576184,0.9620081411126187,0.94167167769092,0.9905123339658444,0.9654747225647349
vs_1_cnn,cnn,1,3,6,0.07848031012428855,0.09335913025874791,0.9931205745625055,0.9926467223042014,0.9681139755766621,0.9738687061822817,0.9664769133459835,0.9701587301587301
vs_1_cnn,cnn,1,3,7,0.07278579623631252,0.13667024533843528,0.9926458442357051,0.9922402370349505,0.9531886024423338,0.9216832261835184,0.9974699557242251,0.9580801944106926
vs_1_cnn,cnn,1,3,8,0.07189587122231134,0.1088289048687147,0.9930715283494053,0.992362259350161,0.9609905020352781,0.9790849673202614,0.9475015812776724,0.9630343940855031
vs_1_cnn,cnn,1,3,9,0.06901095297452317,0.07934835483123948,0.9940320938059722,0.9937812747503352,0.9735413839891451,0.9711598746081505,0.9797596457938014,0.97544080604534
vs_1_cnn,cnn,1,3,10,0.06122085653496764,0.08390483754019755,0.9939696292892879,0.9935581875679198,0.9728629579375848,0.9681846537741734,0.9816571790006325,0.9748743718592965
vs_1_cnn,cnn,1,3,11,0.05634146996829757,0.08551908561542898,0.9932755791039071,0.9923792368883417,0.9738805970149254,0.9711779448621554,0.9803921568627451,0.9757632987094743
vs_1_cnn,cnn,1,3,12,0.05184565256127834,0.0957879209048656,0.9931848898796841,0.9927025579082633,0.9681139755766621,0.9667294413057125,0.9740670461733081,0.9703843730308759
vs_1_cnn,cnn,1,4,1,0.587938575111154,0.28588825007492646,0.8922570510544853,0.8017989728334405,0.8997653369091518,0.8471849865951743,0.9912170639899623,0.9135588320323793
vs_1_cnn,cnn,1,4,2,0.27204059980865286,0.33935539831845046,0.9119439077245213,0.8586872086707805,0.8628897083473014,0.7958062905641538,1.0,0.886294134000556
vs_1_cnn,cnn,1,4,3,0.24340879265097384,0.19214197054157203,0.9736204792449727,0.9710414623855754,0.9282601407978545,0.8837597330367074,0.9968632371392723,0.9369103773584906
vs_1_cnn,cnn,1,4,4,0.17520978777099414,0.14927482408906723,0.9874190742281396,0.987816989338728,0.9386523633925579,0.9485060394151303,0.9360100376411543,0.9422166087780234
vs_1_cnn,cnn,1,4,5,0.14603098581860843,0.11005105771218988,0.9914008886817287,0.9918475748832435,0.9500502849480389,0.9451632778804683,0.9623588456712673,0.9536835561081753
vs_1_cnn,cnn,1,4,6,0.12550397032434954,0.12189037620191423,0.9925223547988181,0.992709791638781,0.9477036540395575,0.9151270207852193,0.9943538268506901,0.9530968129885748
vs_1_cnn,cnn,1,4,7,0.11071035151273655,0.09979374910375279,0.9936596289360841,0.9938205833600341,0.9584311096211867,0.9369797859690844,0.9887076537013801,0.9621489621489622
vs_1_cnn,cnn,1,4,8,0.11137909834232156,0.09226314577770794,0.9941916817294516,0.9943233886565765,0.9708347301374455,0.9730069052102951,0.972396486825596,0.9727016002510198
vs_1_cnn,cnn,1,4,9,0.09544200069803507,0.08605445235804642,0.9945340382807016,0.9946696948208595,0.9701642641635937,0.9659442724458205,0.9786700125470514,0.9722655032720474
vs_1_cnn,cnn,1,4,10,0.09691369595428535,0.10400502777292009,0.9934450915194036,0.9930300375805224,0.957090177673483,0.9363095238095238,0.9868255959849436,0.9609040928527794
vs_1_cnn,cnn,1,4,11,0.08592162318151032,0.08331165234829656,0.9946523726031654,0.9946439171843391,0.9748575259805565,0.9668100799016595,0.9868255959849436,0.9767153058056505
vs_1_cnn,cnn,1,4,12,0.09073933590148191,0.08698205705708166,0.9950909322486321,0.9950980611252899,0.965135769359705,0.9751275510204082,0.9592220828105396,0.9671094244149273
vs_2_cnn,cnn,2,0,1,0.6782477222127364,0.6511154914848881,0.6986621812983176,0.6830801350166102,0.6504139834406624,0.6054502369668247,0.9157706093189965,0.7289586305278174
vs_2_cnn,cnn,2,0,2,0.6536688794120369,0.5899094213974683,0.740871733371276,0.707775930402655,0.6577736890524379,0.6139705882352942,0.8978494623655914,0.7292576419213974
vs_2_cnn,cnn,2,0,3,0.634131795684156,0.6021373267000133,0.7361187335271122,0.7218478044345045,0.6504139834406624,0.6260623229461756,0.7921146953405018,0.6993670886075949
vs_2_cnn,cnn,2,0,4,0.6046471356614801,0.6078608274142417,0.7490497388052116,0.7315532030570905,0.6632934682612696,0.6188118811881188,0.8960573476702509,0.7320644216691069
vs_2_cnn,cnn,2,0,5,0.5776882390187279,0.6047496490363842,0.7393320053390788,0.7149069565849628,0.655933762649494,0.6277777777777778,0.8100358422939068,0.7073552425665102
vs_2_cnn,cnn,2,1,1,0.6811545481006535,0.6702227152531653,0.741102140911705,0.6798141003018479,0.5820721769499418,0.5527318932655655,0.9841628959276018,0.7078925956061839
vs_2_cnn,cnn,2,1,2,0.6600511520947617,0.6233839687490704,0.7790319780374796,0.7464859977237083,0.6670547147846333,0.6143695014662757,0.9479638009049773,0.7455516014234875
vs_2_cnn,cnn,2,1,3,0.6415444498230447,0.59676396327526,0.7841509597751664,0.7472296758986591,0.6786961583236322,0.6292834890965732,0.9140271493212669,0.7453874538745388
vs_2_cnn,cnn,2,1,4,0.6257583365307222,0.632385508112355,0.7010753388239634,0.6430919707368974,0.6577415599534342,0.6085043988269795,0.9389140271493213,0.7384341637010676
vs_2_cnn,cnn,2,1,5,0.5985933729506936,0.5895869228539308,0.7626116301528912,0.7211633382871273,0.6903376018626309,0.6396825396825396,0.9117647058823529,0.7518656716417911
vs_2_cnn,cnn,2,1,6,0.5423395289348628,0.6159912509930585,0.7583987108955369,0.7300958258946825,0.681024447031432,0.6337579617834395,0.9004524886877828,0.7439252336448599
vs_2_cnn,cnn,2,1,7,0.48431013952988355,0.6085494184553053,0.7623322156754234,0.7292971822695153,0.689173457508731,0.6413570274636511,0.8981900452488688,0.7483506126295947
vs_2_cnn,cnn,2,1,8,0.407925756913313,0.7481185543358232,0.6963415692785139,0.6208531930401036,0.6589057043073341,0.6239600665557404,0.8484162895927602,0.7190795781399808
vs_2_cnn,cnn,2,2,1,0.6452320491313949,0.7322712349705398,0.6674847519188597,0.6571957297546515,0.5971283783783784,0.5736782902137233,0.8388157894736842,0.6813627254509018
vs_2_cnn,cnn,2,2,2,0.6089162124076204,0.709046071243938,0.6190735220211988,0.5907034074060387,0.59375,0.5719139297848245,0.8305921052631579,0.6773977196512407
vs_2_cnn,cnn,2,2,3,0.582003406484361,0.7189527667651419,0.6512558251096491,0.6409100094434372,0.6190878378378378,0.596319018404908,0.7993421052631579,0.6830639494026705
vs_2_cnn,cnn,2,2,4,0.544011379093623,0.9446027775615221,0.650377775493421,0.6568701928626788,0.6199324324324325,0.6106442577030813,0.7171052631578947,0.659606656580938
vs_2_cnn,cnn,2,2,5,0.47148283289481113,1.0232168063212157,0.648787292123538,0.6401530751807957,0.620777027027027,0.6015325670498084,0.774671052631579,0.6772106398274622
vs_2_cnn,cnn,2,3,1,0.6598497200287463,0.6600211163886556,0.6513172485900767,0.6365070118743048,0.6061884669479606,0.5746140651801029,0.9128065395095368,0.7052631578947368
vs_2_cnn,cnn,2,3,2,0.6259829436172882,0.6628011105873975,0.6514241809771244,0.6481005951745005,0.5949367088607594,0.5691768826619965,0.885558583106267,0.6929637526652452
vs_2_cnn,cnn,2,3,3,0.6074368133881581,0.7075432439903376,0.658869843482669,0.6509220420640406,0.5850914205344585,0.5932642487046632,0.6239782016348774,0.6082337317397079
vs_2_cnn,cnn,2,3,4,0.587106689011821,0.69677836551833,0.6597253025790507,0.6571596329181902,0.5893108298171589,0.5890736342042755,0.6757493188010899,0.6294416243654822
vs_2_cnn,cnn,2,4,1,0.6575221664707868,0.7091317190106449,0.6982588281932323,0.6743462775792626,0.6429199648197009,0.6171875,0.8088737201365188,0.7001477104874446
vs_2_cnn,cnn,2,4,2,0.6436169665633521,0.6714482513739889,0.6892277769863047,0.6826778721608961,0.6473175021987687,0.6330935251798561,0.7508532423208191,0.6869633099141296
vs_2_cnn,cnn,2,4,3,0.6430256086262695,0.6495965317065893,0.7067695719232174,0.6703797568767218,0.6024626209322779,0.710691823899371,0.3856655290102389,0.5
vs_2_cnn,cnn,2,4,4,0.6203684798364842,0.6628402021783152,0.7183603500926025,0.7000575276080557,0.5892700087950747,0.7297297297297297,0.3225255972696246,0.44733727810650886
vs_2_cnn,cnn,2,4,5,0.5805923179803123,0.7451075529265991,0.7009470834907676,0.6969649096234823,0.6561125769569042,0.6337448559670782,0.78839590443686,0.7026615969581749
vs_2_cnn,cnn,2,4,6,0.5486953999597202,0.8383234974286828,0.6848547165253371,0.6998421349167997,0.5743183817062445,0.8227848101265823,0.22184300341296928,0.34946236559139787
