scPDB ID	Model	DCC	DVO
2fut_2	cnn	35.720155624996	0.029651823535489202
2fut_2	linear	35.974524732672755	0.02826602885007602
2ahc_1	cnn	11.375738561824743	0.08993042239631842
2ahc_1	linear	12.929624614976747	0.039679337988104475
2xdr_2	cnn	34.255607538613056	0.014961941008563273
2xdr_2	linear	34.21346950995862	0.018559852819826035
4df4_1	cnn	7.3886384646970305	0.22366145912331262
4df4_1	linear	13.961353788890957	0.11183718896573655
3ll9_2	cnn	7.045214542605378	0.11398763523956723
3ll9_2	linear	15.145238749359834	0.10625737898465171
4cth_1	cnn	10.13040635388526	0.12848174720405148
4cth_1	linear	11.887458669387684	0.07890708958869314
4h1v_1	cnn	8.813063036680209	0.24026173979984602
4h1v_1	linear	9.690171233002948	0.20061261261261262
3p9t_2	cnn	1.4327970888063655	0.12709560489352062
3p9t_2	linear	5.916661604023028	0.20812486404176636
1vcf_1	cnn	2.5664944743579667	0.2917690417690418
1vcf_1	linear	19.134951377118284	0.05771054540045001
4zp1_3	cnn	13.813782105752587	0.07140826533298236
4zp1_3	linear	18.079355386019223	0.06146756399376344
4bfm_1	cnn	6.943984665985593	0.15097690941385436
4bfm_1	linear	21.421152397973646	0.0
2xs4_1	cnn	3.5896625064706487	0.10859481582537517
2xs4_1	linear	15.711146651755424	0.09540264423076923
2dw0_2	cnn	27.106672947838913	0.0311669311133549
2dw0_2	linear	33.03795967184529	0.01172291296625222
2c27_2	cnn	13.426239878949868	0.1246233578401832
2c27_2	linear	21.524134654659065	0.13981128952160238
4xnw_1	cnn	20.11925257951136	0.1366427247451344
4xnw_1	linear	29.542502236114647	0.049229936133275996
3c3e_2	cnn	4.1075457419168835	0.17925177874684417
3c3e_2	linear	23.011960620459966	0.11714781315822079
3fu9_2	cnn	8.874058281009997	0.039603182912784
3fu9_2	linear	7.473390598742473	0.042747358309317966
2wat_3	cnn	15.697887044013866	0.12164381129898372
2wat_3	linear	24.541289737268567	0.06932409012131716
3glm_4	cnn	21.937049744407634	0.0790965279557948
3glm_4	linear	30.536496896186282	0.03682218422951111
3dh7_2	cnn	3.5347344686470747	0.13083969465648854
3dh7_2	linear	4.2566256593747545	0.22705280134632916
4wcx_1	cnn	10.954218674300126	0.2228592064280233
4wcx_1	linear	12.564962402422601	0.192296257143801
4z17_2	cnn	2.5651665350606665	0.22813938198553582
4z17_2	linear	4.639117911695398	0.30855855855855857
2paa_1	cnn	32.90876181476458	0.06957215662803562
2paa_1	linear	37.811929648020474	0.032884873352797286
4zm6_2	cnn	13.481202903071889	0.10226452544207867
4zm6_2	linear	10.475092376097399	0.07573014543060626
3swr_1	cnn	16.154485749950258	0.05164164717222895
3swr_1	linear	9.680293275863379	0.0418937465854731
4j4v_3	cnn	10.315565946587387	0.2082109842305601
4j4v_3	linear	6.508970902350812	0.02961452928094885
2qbu_1	cnn	6.957365460413257	0.2582620753408828
2qbu_1	linear	9.43700038220519	0.10084750426503769
4nbt_1	cnn	3.756131350913195	0.10658352668213457
4nbt_1	linear	11.407068690083483	0.16768717793270688
4kdr_1	cnn	3.642811902665791	0.12554843064461693
4kdr_1	linear	7.137830564403112	0.2945710455764075
3a4o_1	cnn	6.418409030490457	0.13264309435436608
3a4o_1	linear	8.290532600683607	0.195239639931879
1gl3_1	cnn	18.2160559600298	0.1952227432590856
1gl3_1	linear	26.220109415869068	0.09335378883348858
3sgt_1	cnn	3.5043481595571326	0.1487355977854257
3sgt_1	linear	10.97252572728988	0.2060792612543286
4iif_2	cnn	7.459778171405318	0.057150047017999285
4iif_2	linear	5.688294029838589	0.039467305704694915
4pab_1	cnn	15.426228649194915	0.20615809730583243
4pab_1	linear	23.666545091615465	0.09401621412945567
4wlj_1	cnn	13.023431382039412	0.13345449824743608
4wlj_1	linear	14.675894054121741	0.08632077322486562
2dpx_1	cnn	2.3542529854863723	0.11723242441105547
2dpx_1	linear	4.010439623112897	0.19514683378270056
1kev_4	cnn	25.916737249885372	0.06943594876642756
1kev_4	linear	29.90203894949034	0.04430405806819719
3kkj_1	cnn	5.461006267557024	0.17156264664476772
3kkj_1	linear	7.961577492166799	0.2530417745095668
3e8x_1	cnn	1.5629001413327883	0.1295195641406637
3e8x_1	linear	5.670597233048831	0.33272561531449407
3cea_3	cnn	7.656575941587272	0.09844730756524611
3cea_3	linear	15.4269822869122	0.13471310492225155
2xi3_2	cnn	30.275038547169054	0.0416854156370101
2xi3_2	linear	32.604330016032435	0.024672978726430525
3ket_1	cnn	17.824396137203696	0.0
3ket_1	linear	21.680551009554332	0.0
2p4s_1	cnn	16.9642433056985	0.08632792524754776
2p4s_1	linear	19.86632623905786	0.04935521099904661
2c9z_1	cnn	2.5956179632446865	0.22097147262914418
2c9z_1	linear	7.471870984150242	0.20974158508319785
1kph_4	cnn	47.490631373771635	0.035694644832784464
1kph_4	linear	47.8474562325774	0.018294516270786595
3wb2_2	cnn	11.99770389585803	0.2273855415324497
3wb2_2	linear	17.123821829888882	0.15633793150778943
2c3c_3	cnn	18.565961513478424	0.16514948405399507
2c3c_3	linear	26.5601323199051	0.09467698040325019
2oz5_3	cnn	17.176440682060722	0.15481449400895048
2oz5_3	linear	19.588280623562966	0.0993565599497803
3mdd_1	cnn	4.561616347982979	0.29975712642208874
3mdd_1	linear	16.47920474208245	0.1302494242171804
3jsu_1	cnn	23.774210098939577	0.1433236741640219
3jsu_1	linear	23.56878986021028	0.07285286668201704
5h86_1	cnn	4.794205371742573	0.06591465072030443
5h86_1	linear	6.3762424587599575	0.19028653612125235
2xeg_1	cnn	2.2522245179462663	0.3466086408795488
2xeg_1	linear	3.8920014644390886	0.3308255902085731
2uv0_4	cnn	16.47695870952776	0.12987127490742373
2uv0_4	linear	31.95052065356006	0.047752027349340115
2nli_1	cnn	18.531297305470876	0.14236284809071204
2nli_1	linear	28.355074440569037	0.07475244249387998
1wkl_2	cnn	15.146539603710204	0.1587311518488394
1wkl_2	linear	13.832953783233629	0.15219207843574173
4dzz_1	cnn	4.935444715193305	0.09121621621621621
4dzz_1	linear	3.3523377975657147	0.19701213818860877
1q6i_1	cnn	6.966093449930577	0.2046416581520946
1q6i_1	linear	29.51758698292556	0.04751633865921167
4drm_1	cnn	2.4426177528921085	0.0804152736230864
4drm_1	linear	4.306264141608145	0.3555088413503153
3oxk_1	cnn	2.721536918665563	0.11282164064218166
3oxk_1	linear	14.105720498477178	0.0
1nvt_2	cnn	27.22923295935714	0.12585712007654282
1nvt_2	linear	26.06902649106935	0.10705823087113085
3a14_3	cnn	9.113125735556117	0.1437808605690101
3a14_3	linear	13.085070690539046	0.19046205893699736
2f2c_1	cnn	21.716659265394533	0.12313915182853093
2f2c_1	linear	20.5298764782021	0.0976727922607716
4iqg_2	cnn	3.8730103279228696	0.4085446091762435
4iqg_2	linear	3.0714371787112196	0.1966059082338152
1g9c_1	cnn	18.61339168440166	0.05742374897988758
1g9c_1	linear	21.731871599107148	0.03600234896128731
5ecc_2	cnn	5.707057098070148	0.11295324427480916
5ecc_2	linear	10.15691229770779	0.11300684570826751
3h1q_2	cnn	1.592492646166143	0.14239766081871344
3h1q_2	linear	8.220280118090708	0.17321393917551495
1dr2_1	cnn	6.723942313517766	0.14548714883442918
1dr2_1	linear	11.556007611058165	0.05946862634256642
2o1x_4	cnn	15.75990346884311	0.06119091903208621
2o1x_4	linear	37.457693816342015	0.014303217447814263
2buj_1	cnn	21.803493769643215	0.07209343881479556
2buj_1	linear	23.571450161208432	0.041053159865652625
1trk_2	cnn	18.83193402176119	0.05157093626671617
1trk_2	linear	15.631705412993913	0.061997802512778866
3gan_1	cnn	3.071984913680301	0.043386136615881345
3gan_1	linear	15.577935007373261	0.17541692402717726
1d4o_1	cnn	3.483486827347338	0.07166077738515901
1d4o_1	linear	5.056894872712877	0.09204785362420831
1mi3_3	cnn	58.25176743049374	0.03825020737312818
1mi3_3	linear	69.3374250391319	0.02663583887270256
3te4_1	cnn	10.289059076555068	0.0937766410912191
3te4_1	linear	9.88306703033806	0.2024070021881838
3vgl_1	cnn	3.2410946033818555	0.14198179271708683
3vgl_1	linear	13.286550841638052	0.10437974064105701
4pgl_2	cnn	13.537319784510158	0.07593123209169055
4pgl_2	linear	18.274925647344304	0.02402907263063155
2psj_2	cnn	26.52952311197522	0.11615233092580433
2psj_2	linear	33.31455816834607	0.03144788214836445
2o2r_1	cnn	33.53733033455762	0.020547649290164262
2o2r_1	linear	31.87143288158343	0.019573921378025817
4usr_1	cnn	6.263569295212549	0.17554554289248167
4usr_1	linear	6.484306698526342	0.34423437233861354
2zv2_1	cnn	5.724913169437719	0.30192205018686596
2zv2_1	linear	18.030710446621423	0.07262247838616714
3zo7_6	cnn	6.054761249120982	0.1275820170109356
3zo7_6	linear	11.671569950519858	0.1810144553433144
3seq_4	cnn	21.366575409322998	0.054308021833759414
3seq_4	linear	21.06354581399504	0.042288995793768734
4mub_1	cnn	6.8489759152187775	0.30915987950463014
4mub_1	linear	14.554129067134909	0.009019607843137255
1lqa_2	cnn	17.788819286743504	0.15051944914230492
1lqa_2	linear	32.64078291970611	0.0
4xcv_1	cnn	6.598008998130387	0.30073855243722303
4xcv_1	linear	5.359896475052681	0.32615333828505405
2y4s_1	cnn	11.331283515472153	0.10625645261201734
2y4s_1	linear	16.782061976618035	0.09714604303538063
1gco_2	cnn	16.068004173394893	0.13181286807684672
1gco_2	linear	15.877799168983705	0.06010202641994193
2zw4_1	cnn	10.290795197062286	0.17029745844575464
2zw4_1	linear	11.239655003484293	0.07918464122237956
2gz7_1	cnn	14.3201859389819	0.18844122053142
2gz7_1	linear	24.352509198790894	0.037461985070500414
4mdk_3	cnn	7.17329966701658	0.17138296328544478
4mdk_3	linear	10.72818724367736	0.1909503403075372
3gqo_4	cnn	2.3860914421604082	0.1026370707645608
3gqo_4	linear	3.9342011824641117	0.20090579710144926
2x7j_4	cnn	31.29542225058538	0.02710009819800288
2x7j_4	linear	26.125029326082558	0.02207869514147745
2cfy_2	cnn	43.45982808329349	0.036914128533118006
2cfy_2	linear	40.045978911808874	0.017879457848697492
1knr_1	cnn	5.273542055849188	0.2707639985424511
1knr_1	linear	6.688323343852271	0.15139270976616231
1h7w_5	cnn	33.29783291572563	0.030630130583389325
1h7w_5	linear	26.590403996135297	0.021007529197429164
3tku_1	cnn	9.857696476966723	0.22844363455644828
3tku_1	linear	15.65821689469615	0.05710746850787962
1dp2_1	cnn	8.755152425341198	0.17090037658336185
1dp2_1	linear	16.52420147173531	0.04177343712227433
4irn_4	cnn	18.25330551413893	0.10437016946387422
4irn_4	linear	23.786184640122883	0.07289057086509249
1v1b_3	cnn	21.715113902331602	0.03728930533804051
1v1b_3	linear	22.641183636775157	0.02084037492889706
1fbm_1	cnn	1.4699286636203892	0.3463875759621877
1fbm_1	linear	14.838841375176017	0.18117295480014942
4a62_2	cnn	1.844670994543392	0.1399652978600347
4a62_2	linear	6.326668293193283	0.2849264705882353
3h8g_4	cnn	15.909331883475396	0.13818909306461175
3h8g_4	linear	8.497843409578302	0.10286147601311417
4d9m_1	cnn	5.791708664085848	0.34617131437914433
4d9m_1	linear	11.295309784204443	0.1822874348802753
4dem_1	cnn	3.6365553199751663	0.24205006765899864
4dem_1	linear	5.510773250499042	0.20855704697986577
4bdh_1	cnn	7.450922699170013	0.1945080091533181
4bdh_1	linear	22.292228320849897	0.04397059618399005
1y8q_2	cnn	6.795864756757465	0.1446814903846154
1y8q_2	linear	16.878391212311538	0.12204888436255902
3kqe_1	cnn	9.519112796295964	0.19610636277302945
3kqe_1	linear	16.248164329751436	0.1016191039479521
3itu_3	cnn	5.431993662927562	0.2578069969476403
3itu_3	linear	17.156662927458882	0.19278417735274941
2evc_1	cnn	3.3898430387633467	0.155724579663731
2evc_1	linear	6.790371229318945	0.2793529019346231
4n4v_2	cnn	4.27241242893847	0.1511679153812252
4n4v_2	linear	5.86720503483386	0.26013122346584333
3h3q_1	cnn	1.9859216462457392	0.15922779922779923
3h3q_1	linear	7.108796729507662	0.25653402401695313
2hfo_6	cnn	37.78945651553566	0.023647970450074277
2hfo_6	linear	39.14798218403664	0.011706948640483383
4z9g_3	cnn	36.49271948461353	0.027664451065780426
4z9g_3	linear	45.79419268024617	0.015822121631250262
5c93_1	cnn	2.2903393911109955	0.11738800303720577
5c93_1	linear	8.921061247169268	0.2104482952512396
1pzg_3	cnn	26.62810577706879	0.06943781399895428
1pzg_3	linear	25.866980394984935	0.04299714316710664
4b1u_1	cnn	10.153800973123383	0.1104736928372398
4b1u_1	linear	18.418272590563983	0.12230056070615666
1mxt_1	cnn	5.999326087491505	0.2572026800670017
1mxt_1	linear	6.015187154440871	0.2563483051052212
5lc1_4	cnn	5.367791732620262	0.09353023909985936
5lc1_4	linear	10.96510489590411	0.23221463961858466
4az0_1	cnn	5.550950517265554	0.13290668254204493
4az0_1	linear	12.971094000983811	0.09382174911292006
2v5z_2	cnn	17.289474297036236	0.12505069433761729
2v5z_2	linear	26.64842731171777	0.06854679822762619
1f0x_2	cnn	32.033970767700666	0.11323925100214156
1f0x_2	linear	35.26593747636483	0.0502066597780074
3a4t_1	cnn	3.579123505350132	0.11691995947315097
3a4t_1	linear	10.986827087753797	0.19427789626171985
2vz6_2	cnn	20.720042454507112	0.07688031574851298
2vz6_2	linear	28.407710094588168	0.03179729835859577
4zol_3	cnn	9.027107566061703	0.15961123611143327
4zol_3	linear	5.532918795074544	0.05847075258112686
4a6a_1	cnn	8.79796651165248	0.29458369346009794
4a6a_1	linear	15.175176681624198	0.1361025409486543
1h6d_4	cnn	17.28481790752547	0.1937884334697198
1h6d_4	linear	19.35982252365302	0.11477531036894562
4v12_1	cnn	4.404483963037684	0.32489451476793246
4v12_1	linear	7.6284272527360235	0.12864451920381273
4egu_2	cnn	12.50544738950332	0.17288685646850568
4egu_2	linear	13.670335922827144	0.10222994497538372
2nu9_1	cnn	34.63940500245764	0.042057957810638445
2nu9_1	linear	38.0642764680884	0.02444212989069262
2nvk_1	cnn	6.303502015637061	0.48197835099032704
2nvk_1	linear	11.090820048732008	0.2362230630037835
4kwc_1	cnn	4.835509799849666	0.15168175937904269
4kwc_1	linear	19.199942902309548	0.0
3x1d_1	cnn	18.80786837930181	0.10207684033428027
3x1d_1	linear	16.99604168463863	0.0787048265825855
1b9i_1	cnn	0.572148972885728	0.3944740103521178
1b9i_1	linear	8.658348751125729	0.22256447739375587
4fnd_1	cnn	6.307553067458372	0.06956092747903306
4fnd_1	linear	24.039920211149177	0.0
1al7_1	cnn	1.7429229701662798	0.1327341137123746
1al7_1	linear	12.840028784374542	0.1799983591763065
4ix4_2	cnn	10.821546881974916	0.2895360315893386
4ix4_2	linear	16.174662852282335	0.05571524103382334
1ig0_1	cnn	18.16930630161998	0.09451758206206605
1ig0_1	linear	15.1001325869201	0.062268258890281716
3saz_1	cnn	2.690722329359202	0.10749654117818394
3saz_1	linear	3.7130168825174996	0.05917485895238954
2a5y_1	cnn	18.62623999370382	0.052644454229658987
2a5y_1	linear	21.513509135748404	0.04446362751949137
2i3g_1	cnn	20.153810592441125	0.15554305460682283
2i3g_1	linear	26.86447809307519	0.07563890535775579
3u04_1	cnn	1.7483678569840808	0.10462816455696203
3u04_1	linear	10.23161008596224	0.29311312434859293
1c3r_1	cnn	7.824472500298252	0.33502261032278186
1c3r_1	linear	5.896642028343053	0.10809379138427981
2plm_1	cnn	7.176465529356769	0.254380230125523
2plm_1	linear	12.591016203279443	0.22970357543037587
3te5_1	cnn	8.498203015665698	0.18845192089111162
3te5_1	linear	6.274772077636307	0.222335207560713
3n71_1	cnn	14.901402970527215	0.08494773009722933
3n71_1	linear	11.727958726796741	0.12306297070304799
2ddo_1	cnn	22.726702799479956	0.09629207073588135
2ddo_1	linear	21.787899518427608	0.06362646890622982
3qai_1	cnn	23.985619585998492	0.0826448199034534
3qai_1	linear	28.523724084023797	0.046142328000630464
2q7h_1	cnn	7.344447579669502	0.35177461241835206
2q7h_1	linear	7.245381747422925	0.2879177377892031
5aac_1	cnn	11.100873776455543	0.2187229956793087
5aac_1	linear	17.76605551765566	0.11946095917558462
1mqb_1	cnn	11.937232490310853	0.22872638862913783
1mqb_1	linear	32.8660073135366	0.031282556928114304
2cy0_1	cnn	28.455230192320695	0.1678487934382058
2cy0_1	linear	23.623625487403217	0.11108854589764419
2jir_2	cnn	6.904908158287502	0.2563279772025192
2jir_2	linear	18.86269698908626	0.1465800024298384
3u4c_1	cnn	7.391428102736154	0.11929663257096886
3u4c_1	linear	2.383494691885736	0.12203585887796414
1o6z_2	cnn	27.6901816104718	0.06215367436666899
1o6z_2	linear	28.00673515185775	0.04228010105915403
3nal_1	cnn	21.787817866031645	0.07540000624603117
3nal_1	linear	20.697545258351653	0.037116556184750814
2lba_1	cnn	3.634758516983416	0.11094625783053083
2lba_1	linear	5.922969236870856	0.15463082901554404
4je7_2	cnn	4.172881826354567	0.11633592177164222
4je7_2	linear	3.6880466178699485	0.06186905105278338
4yry_6	cnn	13.00411639048041	0.2829685746352413
4yry_6	linear	12.61488344436434	0.23126297388834263
1aqu_2	cnn	8.221501709117286	0.1469348569287688
1aqu_2	linear	12.76056142329172	0.1305797409216394
2af3_1	cnn	17.566735690966603	0.16785471826205023
2af3_1	linear	15.351303352263919	0.132408130753795
4imo_2	cnn	4.932735349960723	0.09361911800936192
4imo_2	linear	6.862448301027105	0.32683002965506475
4ca7_1	cnn	4.242334501666821	0.422319948093144
4ca7_1	linear	5.964545408436648	0.2158464468277037
2apc_1	cnn	9.99551296843671	0.29840394789490066
2apc_1	linear	7.74010331219544	0.2538943768996961
4dtb_1	cnn	18.010630168687378	0.04306533486163419
4dtb_1	linear	16.846239902505506	0.05370077703147636
1z0f_1	cnn	5.16145664081983	0.0973240832507433
1z0f_1	linear	16.09525156858697	0.0796983460450767
5g53_2	cnn	20.476233566461705	0.03228464293521212
5g53_2	linear	21.141517462346616	0.020732641648586916
5dld_1	cnn	3.328190140254602	0.1811686654758867
5dld_1	linear	16.859927165779954	0.12718695885830297
1i5e_1	cnn	24.32529578839794	0.06849622133982324
1i5e_1	linear	24.436751711436536	0.0695862298411809
1bi9_4	cnn	33.27766240842919	0.017291040583561474
1bi9_4	linear	37.5514419631216	0.01278808362262766
1qsm_3	cnn	17.23890059575572	0.14740095040960904
1qsm_3	linear	18.704561415391815	0.12084339995607292
4beb_2	cnn	4.516321487159845	0.19414945781613382
4beb_2	linear	3.0115166997168394	0.0516647030588646
1c3x_2	cnn	16.163923138124836	0.06593847270227433
1c3x_2	linear	18.85367941459297	0.0360073524584783
3sj7_1	cnn	4.7188489569474905	0.3830280211425675
3sj7_1	linear	15.90510166084756	0.18440567836711633
4qvb_1	cnn	7.181467917495436	0.34182164997615644
4qvb_1	linear	14.644746093356108	0.16012578102666722
2i6a_1	cnn	29.11064413004652	0.04330079858030168
2i6a_1	linear	26.568217647764968	0.025481913559179295
3p3z_1	cnn	4.10842046862585	0.3319472418946137
3p3z_1	linear	8.687615013032945	0.1811976419484952
1h5s_4	cnn	26.085580473400704	0.04200889353910541
1h5s_4	linear	25.403468327884678	0.028677097605610862
5eku_2	cnn	16.131569145718057	0.15904228222109018
5eku_2	linear	13.611172687258305	0.09353762510811812
3iu9_1	cnn	5.723660495567695	0.1211231418608919
3iu9_1	linear	4.6621925022034985	0.2646739441047037
3uxy_1	cnn	5.154882528670263	0.08453993460999533
3uxy_1	linear	12.83519731505527	0.17659137577002054
2fgj_3	cnn	24.67226223918071	0.05575753963523662
2fgj_3	linear	23.395123904691264	0.04169846827898414
3tdj_2	cnn	6.331467587689223	0.28901939846947855
3tdj_2	linear	3.647997004471381	0.05233469490497603
1n5t_1	cnn	8.299776069265427	0.26200738916256155
1n5t_1	linear	9.827963412445117	0.21204498372299496
4rcv_2	cnn	13.270899463470778	0.10306845003933911
4rcv_2	linear	11.133012449824733	0.13005855805452984
4c71_2	cnn	4.559535314275699	0.13925798101811906
4c71_2	linear	9.268550168175231	0.20228658536585367
2vwh_1	cnn	3.15045434080116	0.5233970207253886
2vwh_1	linear	7.54611185753138	0.22376600605706393
3ezp_1	cnn	5.5031737967763465	0.18158113412991778
3ezp_1	linear	4.515023877428387	0.08027615910818343
3dme_1	cnn	10.151918191723222	0.3051683100986059
3dme_1	linear	17.254287091323437	0.14237405906195716
2os3_1	cnn	2.6390952863114348	0.09122502172024327
2os3_1	linear	4.79767110010289	0.3025603663613655
1a4z_4	cnn	30.514249574929305	0.053889926588766776
1a4z_4	linear	31.99343081935872	0.026652427274626796
4uir_1	cnn	12.408333237754675	0.2633254428209942
4uir_1	linear	8.809009896431009	0.1209292425578496
3lli_1	cnn	4.023533394723024	0.40032037279743704
3lli_1	linear	5.997441928265718	0.20162973268409023
2a19_1	cnn	5.555083577389151	0.0717003362870959
2a19_1	linear	9.580356140130558	0.04630554366608012
3f8d_4	cnn	11.139483865548222	0.23429789143113502
3f8d_4	linear	11.638567064149658	0.13742012405053117
2j8z_1	cnn	1.535606499624955	0.10266821345707657
2j8z_1	linear	8.248044099294555	0.2791354781143112
1q5d_1	cnn	1.159332965865789	0.2073908469226723
1q5d_1	linear	11.329830562173697	0.14683442644893588
2ble_1	cnn	3.549922393012178	0.25703456988629836
2ble_1	linear	7.976704221758363	0.19086870907175893
3mel_2	cnn	17.537104420431525	0.13515072083879423
3mel_2	linear	19.873869666370304	0.06378515635781513
3ngq_1	cnn	7.005425184048982	0.08346094946401225
3ngq_1	linear	10.95643196160223	0.12158889068302922
2bto_2	cnn	28.68341799218438	0.0708805370736678
2bto_2	linear	25.97286514959974	0.056103506888531045
3lbf_2	cnn	4.88413380907167	0.08352382627044136
3lbf_2	linear	7.45929179813746	0.1523089840470193
4rvn_2	cnn	15.099329239929189	0.09550975930258646
4rvn_2	linear	18.302775477275514	0.057148331359297706
4nec_2	cnn	5.597220341357434	0.14438693557023025
4nec_2	linear	10.812186949497685	0.1658329047641311
2ix5_5	cnn	25.551106550085464	0.03691164427930626
2ix5_5	linear	23.929128051245495	0.03216445625696068
1nj6_1	cnn	1.328578109830634	0.13228265082030746
1nj6_1	linear	8.323724088768556	0.1338777357964933
1unh_1	cnn	12.934375595742603	0.05954670904072928
1unh_1	linear	11.271441402870122	0.04170063927588122
3v3q_2	cnn	4.240586236496363	0.13307839388145315
3v3q_2	linear	13.635344759503738	0.049560749212663686
3b4y_1	cnn	3.724971742496821	0.12656771372684386
3b4y_1	linear	7.897407323291198	0.2582082113263971
1pvo_6	cnn	45.79664753320849	0.015660738138368924
1pvo_6	linear	41.25648490845543	0.011618232152852367
5a4w_8	cnn	10.108833156165947	0.13652015393963945
5a4w_8	linear	7.892534097116747	0.1316390041493776
1i3l_1	cnn	22.46256219343092	0.14929896528500583
1i3l_1	linear	21.2449227543412	0.08934592879103441
3bbt_2	cnn	6.028504871524913	0.13866090712742982
3bbt_2	linear	14.661048206388203	0.21867597019425422
4py2_3	cnn	6.557002357176034	0.2921099563372486
4py2_3	linear	8.176039523712651	0.24311681368618016
3stj_9	cnn	15.149727410957249	0.09332999415644044
3stj_9	linear	26.747917314480574	0.0
4g56_2	cnn	23.22949134274719	0.09886938174290377
4g56_2	linear	29.901153836142377	0.04213813655307404
1sqi_2	cnn	24.22431608886891	0.07248563449006452
1sqi_2	linear	30.759353750134245	0.003055923398186819
4e2b_1	cnn	3.747692455484748	0.11680199875078076
4e2b_1	linear	6.067243532599795	0.19741863423412243
3p7n_2	cnn	4.597348424983664	0.34058261776743437
3p7n_2	linear	8.154371653101025	0.15107424175018971
3c96_1	cnn	7.976619917331294	0.14491075735648817
3c96_1	linear	10.003603546737063	0.15501655777320325
3kru_1	cnn	14.058718050063762	0.17076089883606116
3kru_1	linear	21.969783174100606	0.14983025703934041
3lt1_2	cnn	3.53909250878734	0.2880831580249969
3lt1_2	linear	13.07970039894305	0.07965860597439545
1ixe_2	cnn	28.76294559833142	0.04246663335950325
1ixe_2	linear	27.752105780387716	0.0395202223191934
3pnd_4	cnn	17.476841010678005	0.19417624521072796
3pnd_4	linear	23.059655841083618	0.08784606641227571
2oax_6	cnn	25.474451768853278	0.05045586901522746
2oax_6	linear	31.562286472494026	0.009251216346874725
4iao_1	cnn	11.083821401221764	0.13053667682212328
4iao_1	linear	15.077218596669995	0.06852488496324113
1xcb_7	cnn	36.77934076951442	0.03384816273233632
1xcb_7	linear	30.035508628191888	0.028426459928776276
5ees_1	cnn	14.175367996746903	0.0440251572327044
5ees_1	linear	13.053306915280967	0.17597851112816576
2rlc_1	cnn	5.491324351001244	0.2645367048237371
2rlc_1	linear	11.461644902034834	0.13703723662229886
4z34_1	cnn	19.284011565395193	0.2181893079458074
4z34_1	linear	15.031989338590659	0.11126264348221389
5epe_1	cnn	6.4449051783654445	0.15642194623486874
5epe_1	linear	12.48519985591487	0.18166073768957125
3rfa_1	cnn	5.9168359187038035	0.13467902051621441
3rfa_1	linear	23.819148799473087	0.0
5htx_1	cnn	23.42216651751233	0.0
5htx_1	linear	23.842734147738053	0.06354540790148794
2i0z_1	cnn	4.279820090036089	0.09430951958872541
2i0z_1	linear	17.97878856835825	0.1620759544140612
3zlo_1	cnn	1.939583076080308	0.06685755189692198
3zlo_1	linear	4.80728830014661	0.13682432432432431
2obx_9	cnn	24.5974064145226	0.051792893007636544
2obx_9	linear	21.171362401188023	0.03947194163185206
2wd4_1	cnn	2.5287777699037943	0.10613233513156446
2wd4_1	linear	8.899192359080418	0.1696225106509462
2oym_2	cnn	33.82771105381864	0.052946766972393026
2oym_2	linear	35.107385319412124	0.05152946790742066
2hu2_1	cnn	7.233548030978329	0.16587736789631108
2hu2_1	linear	12.041440903801533	0.20285752796872894
3zxs_3	cnn	17.388447390308077	0.1310366160151568
3zxs_3	linear	19.26529760003513	0.09521991447770312
4nbw_1	cnn	5.448077295189467	0.09263854425144748
4nbw_1	linear	3.9434302078466428	0.07243294340068533
2qe5_1	cnn	26.698325689954174	0.01735112549230648
2qe5_1	linear	21.270505233302707	0.008017841360150282
2j7c_1	cnn	26.334182854554342	0.06552330694810905
2j7c_1	linear	24.556262499381855	0.034981634320341196
2cmw_1	cnn	8.784255348287168	0.13624869849769447
2cmw_1	linear	15.769002600428013	0.1934481950304735
4qbh_1	cnn	2.1103300565593597	0.13922606924643585
4qbh_1	linear	9.462247380700127	0.32462146406353926
1v9o_1	cnn	8.906060751949175	0.2657371617890668
1v9o_1	linear	14.56696533366602	0.13911991531831241
2iya_2	cnn	7.717509807203634	0.2664147715120838
2iya_2	linear	18.629364584841444	0.11682018732100008
4lv8_1	cnn	4.290175702108382	0.21563218390804598
4lv8_1	linear	13.068713370901994	0.13397327798676872
3rbq_4	cnn	1.6994094762716907	0.09846752058554438
3rbq_4	linear	2.6873781795191127	0.12065416285452882
3eof_2	cnn	9.564627694097725	0.3172063987514631
3eof_2	linear	14.026615201453112	0.21292278982971774
3cbl_1	cnn	11.134861681368223	0.16107723577235772
3cbl_1	linear	6.271993877580929	0.16627612998705063
1h2b_2	cnn	24.43238204639936	0.09275428053067242
1h2b_2	linear	25.312076644204645	0.08379568385096847
2msc_1	cnn	9.520077596117053	0.25974856168761984
2msc_1	linear	32.768439468566	0.014094299673754715
3iro_1	cnn	25.09394153031314	0.12318596963075026
3iro_1	linear	29.80255328403579	0.10863576476224697
4feq_1	cnn	2.9710223467247205	0.07607497243660419
4feq_1	linear	14.546007993228095	0.14808923529645684
3eon_1	cnn	3.2256135370185306	0.2884466019417476
3eon_1	linear	1.3633578033011886	0.12048778663075599
4bmv_2	cnn	11.093336240706828	0.22246045960194738
4bmv_2	linear	5.291680254774916	0.15832070422081063
4lj8_1	cnn	7.618955599855469	0.2633331157386252
4lj8_1	linear	18.7587117633268	0.09988189640627636
3m6i_1	cnn	3.932288879259412	0.15195046439628482
3m6i_1	linear	10.714172872932048	0.2157340920381159
3ulk_1	cnn	12.920003347956786	0.12255755465273747
3ulk_1	linear	19.176601824528632	0.10472327011523952
4fj5_1	cnn	20.49121055320945	0.16733113547496742
4fj5_1	linear	15.352579997169162	0.026690382150610762
3c4v_1	cnn	7.068082984106517	0.2628357920505057
3c4v_1	linear	1.2475141796878817	0.18813493934587852
2qs3_2	cnn	23.897488506421567	0.1566984355331775
2qs3_2	linear	32.723523789789105	0.06738077311019874
3ule_3	cnn	7.6620436236547365	0.1453355155482815
3ule_3	linear	8.50631287572871	0.18450931293520392
1w76_1	cnn	26.714850857576007	0.09923354705578893
1w76_1	linear	28.625928451353868	0.041447902289483356
3geg_2	cnn	4.469663132388142	0.09588685610483975
3geg_2	linear	4.564981202724317	0.31547833239089085
5ig2_3	cnn	3.1961821829228123	0.1489071038251366
5ig2_3	linear	9.407619428678892	0.22103080992208163
5k5z_1	cnn	7.40645079663251	0.26634344076620436
5k5z_1	linear	12.802174904330906	0.13355288647810926
5hyn_1	cnn	27.9966146582488	0.059553611425861026
5hyn_1	linear	22.109662769818623	0.02568842284510766
2xik_1	cnn	1.6731567096359086	0.0923217550274223
2xik_1	linear	7.716036992978767	0.3408864541832669
4idn_1	cnn	9.984644464543013	0.19381009615384615
4idn_1	linear	16.884938005252412	0.06282275511641978
4qjl_1	cnn	2.1925750200575793	0.07146077547339946
4qjl_1	linear	6.535322497124186	0.30462344687684895
1xrp_1	cnn	2.5972961449185887	0.10446485793633839
1xrp_1	linear	21.235810404793384	0.0
1cbr_1	cnn	9.29439569731838	0.3132045088566828
1cbr_1	linear	11.120427655877506	0.15641366083941874
3qnl_1	cnn	14.951211958314074	0.03753656158596035
3qnl_1	linear	19.91305967729402	0.0
4rzu_1	cnn	10.27428852892988	0.16156156156156157
4rzu_1	linear	14.371482147347729	0.07536231884057971
5idw_1	cnn	1.3787512877281747	0.07667043005234528
5idw_1	linear	9.556918381036972	0.06962025316455696
3w78_1	cnn	11.002811317102362	0.2598149731788852
3w78_1	linear	14.58458833890865	0.12311881370276337
3d5w_1	cnn	4.544763686633832	0.36342023932165785
3d5w_1	linear	10.122646676292261	0.29372617823219793
3zuk_3	cnn	7.23247264400795	0.28110355253212393
3zuk_3	linear	10.559789318954385	0.10818404710345939
3pt6_1	cnn	16.351725876899224	0.05925236806495264
3pt6_1	linear	19.294223352821277	0.036370769285637865
2glr_2	cnn	10.97349275430145	0.20922611545248299
2glr_2	linear	13.597120735416386	0.11321774983946736
1izh_1	cnn	1.8455260325657443	0.07241379310344828
1izh_1	linear	11.557944815141576	0.047933105641267224
1wkh_1	cnn	10.512372285327626	0.20926961698230465
1wkh_1	linear	4.454707946492906	0.1684828774603791
3vqm_6	cnn	14.243641686638286	0.005506883604505632
3vqm_6	linear	23.168316017195195	0.030626555078036643
2nya_2	cnn	17.37108928606519	0.09992187311226915
2nya_2	linear	22.867683277658728	0.05923115232290654
4nbu_5	cnn	3.2061217627469456	0.44195013280781426
4nbu_5	linear	5.279759868603914	0.3516636780235107
2np9_2	cnn	30.090629767736097	0.05049981714007071
2np9_2	linear	27.858547861354445	0.05210713805619035
1u4d_1	cnn	17.025539940906235	0.11832125400303388
1u4d_1	linear	27.813237803434667	0.04330060928205963
3se5_3	cnn	3.186983832413965	0.1650029359953024
3se5_3	linear	11.12674852364984	0.17939171003050422
3f3s_2	cnn	19.408652244625884	0.18479756645179982
3f3s_2	linear	24.726446771263063	0.10160310496118799
3bts_2	cnn	7.261442627529898	0.17451176765147722
3bts_2	linear	7.26398931440943	0.2615576266494417
4z64_1	cnn	1.9629690652538763	0.1495774361063028
4z64_1	linear	8.76845000766795	0.108331576085147
1kny_1	cnn	8.222049798195002	0.2894316163410302
1kny_1	linear	15.231545150489529	0.15515934829284722
2qim_3	cnn	2.054585130155847	0.11655104063429138
2qim_3	linear	6.821089571297508	0.30407709414381023
4cok_2	cnn	13.46720359901436	0.10808548075831535
4cok_2	linear	19.57757208309112	0.05041542490743249
4ejv_1	cnn	4.989502725601746	0.38518336204774795
4ejv_1	linear	8.291436996405498	0.17444392264014003
4nbb_2	cnn	8.632478893550735	0.18545470779945533
4nbb_2	linear	12.241368277366917	0.13440682175676794
1mg5_2	cnn	8.785545271803223	0.23156917363045496
1mg5_2	linear	19.04486005752568	0.05119236883942766
2i1m_1	cnn	9.104958502183706	0.1922341696535245
2i1m_1	linear	21.502468380927002	0.09070364981580659
4k7y_1	cnn	4.029384176607649	0.29657740226263785
4k7y_1	linear	5.455021116796831	0.14431213469423362
3a8i_3	cnn	4.810184379338815	0.16038737065534625
3a8i_3	linear	7.057787672280414	0.12309042723789268
1uay_1	cnn	22.24648483679512	0.08211535439258212
1uay_1	linear	28.423798191947274	0.010861097108290179
4dbz_1	cnn	3.62811229606464	0.12466776357423111
4dbz_1	linear	7.232112839734965	0.21117492223019863
3s5w_1	cnn	3.1319477221123493	0.11913723219455703
3s5w_1	linear	7.896288400455787	0.22820674938749705
1qkn_1	cnn	5.299606756922903	0.13564614050303556
1qkn_1	linear	15.757138961217306	0.0
1jlr_1	cnn	18.564143436175282	0.04898360770947169
1jlr_1	linear	17.191327630979796	0.05474863561548901
4kp7_1	cnn	3.7416549906877803	0.4092654628646131
4kp7_1	linear	4.5090526816101	0.1008418910167453
4xzj_1	cnn	1.6992316160896777	0.11124510099487489
4xzj_1	linear	9.731525259692452	0.24295820778199922
4jv6_1	cnn	2.611597768311271	0.12222027665907897
4jv6_1	linear	6.9576745662377535	0.060971467391304345
2y1t_3	cnn	7.43118110526149	0.24113575363751943
2y1t_3	linear	10.994270164131299	0.11096537250786988
4glx_1	cnn	10.07890141694682	0.1232505524571188
4glx_1	linear	12.38748963561848	0.04261646089047163
4ktt_1	cnn	21.745675197529195	0.12518853695324283
4ktt_1	linear	23.0799268530165	0.05653750426400172
2a14_1	cnn	1.8464546598455394	0.13781094527363183
2a14_1	linear	5.057497200237136	0.11926453536524764
4jkt_1	cnn	14.550583921290162	0.05664435748736319
4jkt_1	linear	14.731143312649454	0.04357465733932507
3elb_1	cnn	13.80307561977706	0.22002422285022205
3elb_1	linear	10.172674467586576	0.19808472988445924
1a5b_1	cnn	19.040988102528367	0.15629947975571137
1a5b_1	linear	25.106575117924574	0.0411323370507044
4jic_1	cnn	4.059913778387711	0.1267605633802817
4jic_1	linear	6.425346015755878	0.25368053406428226
2wqp_1	cnn	1.5477234133386009	0.09476348679006487
2wqp_1	linear	14.289944082493667	0.0895063561839135
2hz0_2	cnn	19.54280978500507	0.1426486845014371
2hz0_2	linear	28.47776895230022	0.055517105673845484
1wdk_1	cnn	29.926142954634795	0.023396578228194034
1wdk_1	linear	30.390385393481456	0.017136057470477722
2bdy_1	cnn	6.047728089974709	0.10196661708808462
2bdy_1	linear	8.93220279399479	0.2396587231538688
1i9g_1	cnn	8.168855799176505	0.286543087590208
1i9g_1	linear	15.502356686213972	0.07463552622035251
2acw_2	cnn	23.178062157770526	0.11613604214928555
2acw_2	linear	29.67315410224763	0.04088641805704454
3go4_1	cnn	3.5396383732019823	0.13840155945419103
3go4_1	linear	7.345237687398181	0.2537089514919153
3eth_2	cnn	6.482974940464161	0.18897744157773874
3eth_2	linear	13.343438665908307	0.15210070295896683
1vh3_2	cnn	21.55013788417411	0.12645622751413396
1vh3_2	linear	24.891662759642326	0.07646112085325134
1yqs_1	cnn	4.577849130781046	0.1361457334611697
1yqs_1	linear	7.002013392802062	0.21755395683453238
2ipi_1	cnn	41.68810540475106	0.02734480943188526
2ipi_1	linear	42.35120402686	0.017070721322632317
3oji_1	cnn	4.221900374119397	0.12299091544374563
3oji_1	linear	6.987896786664303	0.07748819310827357
1w19_4	cnn	19.219673372636038	0.0823157657149306
1w19_4	linear	21.14619826012903	0.041276028058354494
4h4b_1	cnn	10.159298235290695	0.13045171339563863
4h4b_1	linear	10.163471836486238	0.10239374694675134
1g8j_3	cnn	7.998191070098362	0.18976539756835437
1g8j_3	linear	7.303030445078652	0.23797723935389134
4p8r_3	cnn	11.62002478006241	0.14316074188562597
4p8r_3	linear	18.632945876690055	0.09539107870999629
4g1q_1	cnn	30.899166213840875	0.04303934238681384
4g1q_1	linear	31.31225038931913	0.02417171908866626
1qrp_1	cnn	2.9912623492341193	0.08766272542696764
1qrp_1	linear	7.348132290723584	0.16945812807881774
4i1v_1	cnn	11.983898233600245	0.11583206879109763
4i1v_1	linear	21.44539399066927	0.0
3q9t_2	cnn	8.841927362675866	0.3080749652938454
3q9t_2	linear	8.647095166584712	0.2750556526318309
1ve7_2	cnn	21.902148579371545	0.042829986931210644
1ve7_2	linear	21.658792921237154	0.026755149643549393
3ec7_5	cnn	10.249088408588692	0.3042935206869633
3ec7_5	linear	14.606201023096158	0.0797488956056731
2egv_2	cnn	11.32148716651274	0.19390143171806168
2egv_2	linear	7.490068714822906	0.0723432033878446
2bu5_1	cnn	18.669211796484575	0.07647335528526308
2bu5_1	linear	16.772068333737092	0.07784596671642616
1geg_5	cnn	28.019138661650167	0.037987861169491856
1geg_5	linear	32.61249126808109	0.020351441027243376
3tlx_1	cnn	4.992213234997266	0.19956937155160812
3tlx_1	linear	12.443018460596123	0.2270232981091844
4ikz_1	cnn	4.388099961221498	0.3752434921197096
4ikz_1	linear	8.948752746493225	0.06116028784308731
2eg8_1	cnn	17.243369911257695	0.09572278769675732
2eg8_1	linear	11.707861937740528	0.054415179270950555
2oci_1	cnn	5.994202110751224	0.10902094912355707
2oci_1	linear	10.830028397513658	0.13315339631129106
2cft_1	cnn	0.8072135145241162	0.19552626323147593
2cft_1	linear	7.380452847107042	0.2584253950496434
4kig_1	cnn	5.0892742384615	0.20679260450160772
4kig_1	linear	13.111406586491611	0.07964417263187157
1kr5_1	cnn	4.731836272132425	0.09955611921369689
1kr5_1	linear	8.689156161237348	0.2858857057147143
2yqz_1	cnn	10.460393127953372	0.117696300016742
2yqz_1	linear	11.382973650210108	0.06267162009368438
3u57_1	cnn	2.839584293516189	0.17855417807116405
3u57_1	linear	5.85053400757453	0.3504815409309791
2j5s_1	cnn	22.489297677144283	0.0
2j5s_1	linear	16.73239895885537	0.05353736505607379
4j3d_2	cnn	12.199798017599766	0.2973105614448371
4j3d_2	linear	13.024792430827564	0.14201680672268907
3ndc_2	cnn	2.379823582544802	0.07335047129391603
3ndc_2	linear	9.671335391013116	0.3712534631852909
5ero_3	cnn	4.002718261391954	0.39248826291079814
5ero_3	linear	9.35142653239312	0.10973562736046999
3q1k_1	cnn	9.462860896883711	0.24525190839694658
3q1k_1	linear	10.536178507452334	0.2153278883514392
1pz1_2	cnn	6.782631948247253	0.30428392184979386
1pz1_2	linear	24.681812911445338	0.05785795161510235
2zeb_2	cnn	8.820926815547908	0.2562166515654888
2zeb_2	linear	4.853912537597802	0.14470513111005828
3pff_1	cnn	28.556459136080058	0.08174196553330228
3pff_1	linear	31.274035746980182	0.046352220692755006
4eu6_1	cnn	6.685802336079509	0.3694224541201871
4eu6_1	linear	10.339598074798477	0.17218567521620223
3fpk_1	cnn	6.164115569487682	0.11049140789870365
3fpk_1	linear	10.775350317102552	0.24155844155844156
2hma_1	cnn	12.112641001030617	0.21654368224469345
2hma_1	linear	11.647165005678243	0.16518743793445878
1ejn_1	cnn	3.610112499639215	0.0996309963099631
1ejn_1	linear	9.120866037979992	0.08178207992057583
4lxj_1	cnn	3.6048456244275964	0.20272185059478695
4lxj_1	linear	9.475393148733152	0.14425901417088996
2ewm_2	cnn	13.346865292965687	0.19830038795492333
2ewm_2	linear	22.002331447201072	0.15894001994586124
4zas_2	cnn	14.456555191033104	0.09651093572978474
4zas_2	linear	14.397488096650925	0.10412938515042036
4w5j_2	cnn	1.869074848336062	0.1430263781393145
4w5j_2	linear	2.2168297678627336	0.09181904161412358
5i39_1	cnn	4.774164305686531	0.13862622658340767
5i39_1	linear	8.16597409742346	0.5175748558675841
5hws_3	cnn	7.667806529123021	0.14807841399933547
5hws_3	linear	5.303172793586984	0.34189327335923125
4ywj_1	cnn	12.317117910570412	0.06004578270822328
4ywj_1	linear	9.193206465705718	0.200227046970342
3qh2_2	cnn	4.824822056896565	0.14629477713973202
3qh2_2	linear	3.6466733216255403	0.1605889955686854
3cok_2	cnn	3.3526351671959533	0.1387739751786386
3cok_2	linear	17.911896388429163	0.0
1gwc_1	cnn	41.49115152560191	0.05352471350850793
1gwc_1	linear	41.42041768135807	0.03869888087020186
4dkb_1	cnn	0.9679895192953639	0.14250309789343246
4dkb_1	linear	5.726569942676288	0.23274396463787828
3dzd_2	cnn	21.19386904241333	0.08206195929209893
3dzd_2	linear	23.880152209714414	0.04752025798765521
4ys0_1	cnn	32.293228003980616	0.10445067083355784
4ys0_1	linear	28.226324696316425	0.03513065275054157
4geb_1	cnn	11.046719131850725	0.24538297187344513
4geb_1	linear	15.488281510611838	0.15136653167545128
2yj6_2	cnn	11.450424674300447	0.23672139063254466
2yj6_2	linear	15.745391399887104	0.1861964122833688
3otx_1	cnn	2.672274117356508	0.1896485720848327
3otx_1	linear	5.454511461099217	0.11452889353441839
1lqu_2	cnn	17.856009544515185	0.16262634301631515
1lqu_2	linear	23.694535169293253	0.09077897415268904
5a1t_3	cnn	7.039904653535535	0.3736251339613063
5a1t_3	linear	11.116834213471856	0.2116531883865836
1q4j_1	cnn	11.327217850994224	0.1559222156747201
1q4j_1	linear	19.392288766528814	0.10594113174758336
4j1t_1	cnn	9.852775417016723	0.2265355767281573
4j1t_1	linear	15.484048170662243	0.07503382441371016
4kub_1	cnn	8.531538876850057	0.06494876431585292
4kub_1	linear	5.147644117338481	0.11138198994362335
4fnc_1	cnn	2.398967520229218	0.21887130486712453
4fnc_1	linear	5.351800711573981	0.31111696522655424
4qnu_7	cnn	4.090440182507543	0.4786356134238034
4qnu_7	linear	9.797996451495562	0.24313250768227954
4nd4_1	cnn	7.197819275028774	0.1049752813716209
4nd4_1	linear	18.34534926996893	0.08621429593247819
1jxz_1	cnn	21.301017360706478	0.1002958478103822
1jxz_1	linear	28.139609325033565	0.0690612806977278
3cne_1	cnn	7.999758461201478	0.15914221218961624
3cne_1	linear	11.594647711637743	0.06143344709897611
1j3k_4	cnn	39.304919230031025	0.04837207927523166
1j3k_4	linear	43.04799371265613	0.012176693075706886
3dr8_1	cnn	5.1441697413511385	0.08598474888246121
3dr8_1	linear	12.18479132000358	0.06606498194945848
2r6h_3	cnn	38.92823205347185	0.01749562609347663
2r6h_3	linear	37.131127101051455	0.03818336459985885
5cyo_1	cnn	8.30855732864655	0.1605198728968068
5cyo_1	linear	13.99238964307464	0.08100198737688091
3ag6_1	cnn	4.560098335990145	0.18994011976047903
3ag6_1	linear	6.984805273140998	0.34541369541857964
1sjw_1	cnn	0.7542875511686145	0.10524444444444445
1sjw_1	linear	9.20292023454046	0.23234624145785876
2fdd_1	cnn	1.351799306964906	0.09741523068371317
2fdd_1	linear	5.866586959366859	0.28161689386179184
3opx_1	cnn	4.461320495957501	0.18485649546827795
3opx_1	linear	6.676009864259557	0.27450331125827815
3bgi_2	cnn	7.087260469151036	0.1646550439576814
3bgi_2	linear	5.458213157627481	0.3297038905855796
1l2t_1	cnn	12.8327814883293	0.19445755830422057
1l2t_1	linear	12.770059850049373	0.1284013301390925
4n6h_1	cnn	7.94267461895729	0.30936738761349375
4n6h_1	linear	9.887550055491115	0.11750044862720077
2i5b_5	cnn	33.43307515238726	0.034204731121687856
2i5b_5	linear	48.16732431293324	0.016275077578970204
4xjc_3	cnn	8.151655505927812	0.28061123238737845
4xjc_3	linear	2.889160641345568	0.41541065527524784
4a6r_2	cnn	5.745537488328446	0.08785407348943261
4a6r_2	linear	5.089971173360703	0.09128018223234624
3mtw_1	cnn	8.735946972029732	0.25966073062574785
3mtw_1	linear	6.386370116781675	0.21530169187004042
1f52_4	cnn	20.571024152090832	0.15631344815786472
1f52_4	linear	20.655453815066686	0.0865148470640768
4lb9_1	cnn	11.43084679427141	0.13742595147285563
4lb9_1	linear	12.590916219896602	0.11977451228781352
5ans_1	cnn	1.6901476750323874	0.09710566877890049
5ans_1	linear	7.806154879569961	0.23548327252489024
4g5d_1	cnn	3.3270753147229004	0.07086065002092343
4g5d_1	linear	8.797809275905054	0.2021094264996704
1ozh_2	cnn	29.917476224839486	0.0377370776407075
1ozh_2	linear	29.84133520280997	0.028209809025462003
4uym_1	cnn	5.204895361837474	0.3020723197293297
4uym_1	linear	7.01687849512737	0.1919379506226786
4kpu_2	cnn	13.255719688147783	0.20042099891560886
4kpu_2	linear	7.299115841905978	0.15061755728812487
4nvk_1	cnn	7.928074979622601	0.2618384401114206
4nvk_1	linear	13.552546272717297	0.16098240544863526
2o6h_2	cnn	17.021554319462293	0.12738095238095237
2o6h_2	linear	18.446800593375936	0.04336620734682657
1hdc_4	cnn	18.168133903620596	0.07225794694228216
1hdc_4	linear	21.769137797918177	0.053249150727887315
2hps_1	cnn	2.6938150659585993	0.14974343025967968
2hps_1	linear	9.215222737914207	0.15942663311084362
2yqs_1	cnn	2.6505791778534338	0.4516702905712591
2yqs_1	linear	7.302900811874603	0.12718778997216268
2eq9_7	cnn	20.685117841530904	0.14771088680605624
2eq9_7	linear	22.302533353209977	0.09539120121567028
5l3r_2	cnn	2.5463040070794585	0.5126403477001087
5l3r_2	linear	8.375192573511812	0.2083771205524696
3e4a_2	cnn	16.79390891311376	0.08034710743801653
3e4a_2	linear	16.633276901598222	0.054100022031284424
4ikt_1	cnn	11.198150471489864	0.12781065088757396
4ikt_1	linear	6.667265981323848	0.1773703788051317
4b1b_1	cnn	5.474029688026377	0.268821671929533
4b1b_1	linear	10.166687709963492	0.23927469461938375
2a87_2	cnn	11.450549198557647	0.19422982885085574
2a87_2	linear	11.828088961453282	0.17132175343028933
3plp_1	cnn	6.240130573861282	0.08081010627631843
3plp_1	linear	13.891133893702674	0.1432607785684387
3fpz_1	cnn	5.66589944066806	0.28586622547861024
3fpz_1	linear	5.823733545409905	0.15662870575347468
4wso_2	cnn	1.3986445789473134	0.11370580532518551
4wso_2	linear	0.3061985406625379	0.14408625571770856
3e23_1	cnn	3.9952011052265126	0.16035027275337352
3e23_1	linear	6.811156768369768	0.12852064533770852
3q70_1	cnn	1.335168682736398	0.0684218582580744
3q70_1	linear	7.547579641517278	0.34298052186696065
1sb9_1	cnn	6.074438753535216	0.4109547123623011
1sb9_1	linear	12.23918541265599	0.24182096144046203
2yd0_1	cnn	10.85766009942919	0.0671039734600015
2yd0_1	linear	9.265324764124061	0.038920148100638464
1hak_1	cnn	7.397716222675167	0.1933604232155179
1hak_1	linear	6.117171043969386	0.09268660913840826
3h0l_4	cnn	12.65946847711731	0.14531080890311043
3h0l_4	linear	14.579248028374408	0.025064084306465395
5cx6_1	cnn	19.530715916929925	0.07770235203753295
5cx6_1	linear	24.62596988843748	0.04088898478800302
1rkd_1	cnn	6.145503182999302	0.10568976478067388
1rkd_1	linear	13.719483797214805	0.14562636297552703
1lld_2	cnn	28.056988823025435	0.15962099125364432
1lld_2	linear	26.165599620610653	0.06886024423337857
2kt4_1	cnn	7.553188144658536	0.14045858914922943
2kt4_1	linear	8.225427498985855	0.2869552305293637
5czy_1	cnn	7.720633970759414	0.22846580406654343
5czy_1	linear	17.13609008369356	0.14838302239296897
3lit_1	cnn	1.00619659364741	0.06220159151193634
3lit_1	linear	7.200622561801796	0.23875087299211814
1xe5_1	cnn	7.530109172864995	0.3421005224283913
1xe5_1	linear	12.505380972647597	0.19049745847423383
3r6p_1	cnn	4.046348310137083	0.11008836524300442
3r6p_1	linear	8.76888110223523	0.20751527759719152
3hiy_2	cnn	6.001364088063152	0.2594444444444444
3hiy_2	linear	10.87770106374807	0.14775399084271748
3mgd_1	cnn	4.848550715860579	0.11004366812227075
3mgd_1	linear	9.591167796551058	0.2752887761233892
2zsc_1	cnn	3.104907242665388	0.11691259931895573
2zsc_1	linear	11.661973997076345	0.12465772825984327
1p0y_3	cnn	59.01658358287896	0.015884114763477005
1p0y_3	linear	52.40511993970487	0.01260153224957618
3wcz_1	cnn	3.4510685668244925	0.15440591245025584
3wcz_1	linear	9.897869098184243	0.10063241983801176
2vig_5	cnn	19.675373148421784	0.022428088059303138
2vig_5	linear	16.810806616097782	0.01375350302672064
4jv3_1	cnn	10.500153306775944	0.16738505747126436
4jv3_1	linear	18.813710819734986	0.00917042345778908
4hjf_1	cnn	1.9868051148246264	0.20676124358587383
4hjf_1	linear	7.430373816371037	0.19960196106985098
2jdd_1	cnn	4.8788927176078705	0.14103625227611322
2jdd_1	linear	10.941279461614783	0.10640216411181244
3bbh_2	cnn	3.6587131781358213	0.12088138385502471
3bbh_2	linear	16.322537287403474	0.00010723860589812332
3otb_2	cnn	10.570720583679671	0.20158904572732653
3otb_2	linear	17.821008383417503	0.06690656408983744
3g5i_2	cnn	3.8256063329790875	0.23112278397898883
3g5i_2	linear	2.3086769805224945	0.2152373941847626
1qy2_1	cnn	8.499612717741346	0.14059325477448192
1qy2_1	linear	13.052158458870641	0.13074616922051965
4xli_1	cnn	10.965674828583609	0.2376120811703634
4xli_1	linear	22.134679221296757	0.0
2jfz_2	cnn	12.72983862974808	0.20304028375981759
2jfz_2	linear	19.32272131043762	0.1153721624635752
4qi5_1	cnn	3.9342168737202052	0.34808738731422073
4qi5_1	linear	11.813757692648217	0.2429054462021495
2yx6_1	cnn	2.228670508111177	0.162975344755537
2yx6_1	linear	8.866095313200871	0.08865638766519823
4n48_1	cnn	14.553988440961136	0.14753601213040182
4n48_1	linear	8.478299817986729	0.28230088495575223
5hi6_1	cnn	16.285654797674063	0.179729112768224
5hi6_1	linear	17.643529580298445	0.16088007121963627
3sud_4	cnn	9.712271777913392	0.15505050505050505
3sud_4	linear	8.19233706256036	0.1320524550167734
1ez4_4	cnn	25.730411570234825	0.06502986991234437
1ez4_4	linear	22.37942185710653	0.05831178507253364
1ivp_1	cnn	0.8336299371388344	0.06405135520684736
1ivp_1	linear	18.262475058244164	0.0
4dz2_2	cnn	2.2187518671910365	0.06517990573629152
4dz2_2	linear	14.346541979668277	0.2523886392391257
4ijr_2	cnn	2.3381336475748014	0.12549773445008924
4ijr_2	linear	8.905799635595214	0.1935956978733806
4zwm_1	cnn	7.190006503713876	0.10303517587939698
4zwm_1	linear	13.590446770632319	0.05614911372357922
1k6m_1	cnn	20.18202003660173	0.06747820693169106
1k6m_1	linear	25.38832140909087	0.03587127475097794
3wsb_3	cnn	5.972681769217576	0.14084937366330583
3wsb_3	linear	13.663232834113275	0.1898182071949475
2gd0_2	cnn	15.120610541451224	0.0950126669972085
2gd0_2	linear	19.014894701432937	0.06577850255899981
3nzp_2	cnn	17.020298655866462	0.05676718368632391
3nzp_2	linear	20.2588023707985	0.022122256834790813
3dlc_1	cnn	4.175155328379076	0.17429103705237012
3dlc_1	linear	6.286769259189382	0.15668511994631773
4adc_1	cnn	10.836438381183678	0.1097354278627532
4adc_1	linear	16.29518768058846	0.0602860729979374
1gq2_5	cnn	12.199935454165129	0.25223442723613293
1gq2_5	linear	9.54529890907132	0.15103136479231422
4dxd_1	cnn	8.696769463325289	0.1329687232951632
4dxd_1	linear	21.041824336870164	0.11789766735563335
4f7i_2	cnn	17.38445553986844	0.17315455594002307
4f7i_2	linear	15.043552195092362	0.1592442645074224
4w5k_1	cnn	10.057040858942669	0.24610753581067055
4w5k_1	linear	12.295397966646162	0.06034618315532278
4q15_1	cnn	12.165435918611024	0.1761026686434396
4q15_1	linear	14.557333475422316	0.057827386802114474
2pnc_1	cnn	20.640194204667356	0.0739288260841382
2pnc_1	linear	21.595804990914488	0.024970948864791065
4img_1	cnn	11.035457218104465	0.2111228813559322
4img_1	linear	13.894507525418176	0.15217698614645178
2bfr_1	cnn	3.8491120873121325	0.10180950487174388
2bfr_1	linear	7.5113335117011815	0.22896189578564696
3rba_1	cnn	2.103824954164784	0.10027787845837864
3rba_1	linear	4.8679117952507065	0.05593138439236531
3hyo_1	cnn	5.497119643298444	0.12490514493853393
3hyo_1	linear	17.055345357195968	0.1385054735840076
4elf_2	cnn	4.762965865246816	0.07415307402760352
4elf_2	linear	18.570045943884764	0.05032844871147044
1kt8_2	cnn	9.509942013759215	0.2387859424920128
1kt8_2	linear	9.38567362087655	0.23612097117705524
2o4p_1	cnn	1.2771072413715088	0.0730091613812544
2o4p_1	linear	21.600957334841905	0.0
4b5n_1	cnn	3.6238114988218606	0.12428269405013591
4b5n_1	linear	3.381283658977549	0.4785764131193301
4ple_3	cnn	6.400219354489123	0.08294349378308506
4ple_3	linear	18.40043218879603	0.050230477223427335
3qdl_4	cnn	5.589410544573503	0.17362290706139286
3qdl_4	linear	22.57017994460881	0.0
1ty8_1	cnn	8.718226852080736	0.24800248235202854
1ty8_1	linear	9.093561737078844	0.16839969566320062
1sqf_1	cnn	9.772667318997508	0.1340899537620849
1sqf_1	linear	11.143802145131053	0.07953533186685331
2ooy_1	cnn	32.93614791627395	0.03346779085284484
2ooy_1	linear	34.43803851092849	0.02033989596178651
2eer_1	cnn	12.54983365130469	0.2599989376958623
2eer_1	linear	22.396073983388398	0.07055803571428572
1ju2_1	cnn	17.345543289776394	0.1531918978592685
1ju2_1	linear	24.763864087694014	0.07891401654176099
2oxt_4	cnn	22.783587782580817	0.06538514223094836
2oxt_4	linear	35.24804618740236	0.027881531602002504
1vyq_2	cnn	14.772925690494192	0.08906820950060901
1vyq_2	linear	15.481889339964239	0.0026320118440532982
4s26_1	cnn	18.02874177725401	0.0660527217417486
4s26_1	linear	24.23244069922507	0.044499971924307935
4zr5_1	cnn	8.725568393630688	0.17235406727642893
4zr5_1	linear	7.521864079063151	0.0570270863689894
3up3_1	cnn	3.4593893780359215	0.44607843137254904
3up3_1	linear	2.4235099350625458	0.0813502327987584
5dsy_3	cnn	5.032458222495674	0.06865021770682148
5dsy_3	linear	7.311421311640786	0.3310731991834354
5byu_1	cnn	13.33405369955584	0.18700673724735323
5byu_1	linear	13.447965537681679	0.16241325698684161
4ylg_1	cnn	10.011475225665468	0.10138740661686232
4ylg_1	linear	11.362775406399782	0.09339042012309338
3qwb_4	cnn	1.2831659600407739	0.1132404181184669
3qwb_4	linear	9.11722241055096	0.18021847152067677
2ekl_1	cnn	5.292634364725623	0.4325439392689166
2ekl_1	linear	7.230763036529029	0.16265721472673222
2rc6_7	cnn	41.20740975798056	0.025700300015790305
2rc6_7	linear	47.85224805103653	0.00710841993001754
2rgo_1	cnn	29.435756018831853	0.08856567901605371
2rgo_1	linear	26.83380902120737	0.07099017882887389
3b2s_1	cnn	2.1666634279758674	0.12469151837901025
3b2s_1	linear	5.461859206194768	0.09843452892605038
2cls_2	cnn	3.8729136272859344	0.09881284916201118
2cls_2	linear	16.39716089917884	0.1327207226022033
1yb1_1	cnn	17.222913814610738	0.08493138025045054
1yb1_1	linear	16.513970280670147	0.06969563299514778
4ihi_1	cnn	8.783981207942864	0.2731998459761263
4ihi_1	linear	5.810294834795312	0.29653973369519127
3hko_1	cnn	7.691558485508304	0.23900239278483343
3hko_1	linear	17.292333954387967	0.1067061310782241
1dmb_1	cnn	10.86373633459761	0.039064612057312785
1dmb_1	linear	8.435138884700315	0.1774193548387097
3fql_1	cnn	10.369641824778038	0.21429938133809553
3fql_1	linear	8.728691278202417	0.09070643732382212
4ej0_8	cnn	6.271738092995567	0.18806945160735775
4ej0_8	linear	5.138701463429161	0.2825272083344105
3owa_2	cnn	14.692044149717729	0.12760804464154216
3owa_2	linear	24.22721471032935	0.07264701377187974
1c2t_3	cnn	14.786483467897362	0.17004546013023714
1c2t_3	linear	13.092253494287338	0.11910598732304159
1yqd_1	cnn	16.33906869169607	0.17815037329378347
1yqd_1	linear	18.62130515906435	0.1035366478728857
4g09_1	cnn	4.423023579155609	0.21617486338797814
4g09_1	linear	3.346658394751512	0.0619306772212683
1mxi_1	cnn	0.9367115641285509	0.0902331189710611
1mxi_1	linear	12.203265277647684	0.1750136587142597
2y46_3	cnn	6.021438643741759	0.20415944540727904
2y46_3	linear	11.373305172125056	0.17250644592210612
4krc_1	cnn	3.043852288935186	0.14491086831512365
4krc_1	linear	10.140289095536012	0.055452336715735316
1aa6_1	cnn	4.218189983874469	0.37539067808126103
1aa6_1	linear	13.311077940419658	0.21560932264573576
4c3y_5	cnn	16.1139806716594	0.12618365128002373
4c3y_5	linear	12.158546762087495	0.07522962695493218
5bp9_1	cnn	4.999557246309286	0.1358445795639923
5bp9_1	linear	11.25496740429984	0.2958906071019473
3c41_1	cnn	19.286381514049502	0.0667574931880109
3c41_1	linear	11.902641931093774	0.22650274771967593
3n0t_3	cnn	4.04900583914818	0.3422509225092251
3n0t_3	linear	5.804128991330773	0.18480398883857097
4asy_4	cnn	10.37190795742811	0.18128193696628828
4asy_4	linear	14.93357518438106	0.16651195172893943
4o7n_1	cnn	11.800447683591331	0.060765064319566686
4o7n_1	linear	14.224607951314661	0.06028727493425046
2xyu_1	cnn	11.696575788947147	0.35171316232915184
2xyu_1	linear	15.920616172971362	0.17585142452305044
4l16_1	cnn	10.409123639844305	0.2515453116815086
4l16_1	linear	9.140353864019769	0.0812963968857505
4hlw_1	cnn	4.501677551077376	0.14135236153584776
4hlw_1	linear	10.269560187104204	0.10148580525338285
1qmf_1	cnn	9.53889869909664	0.11595193348140555
1qmf_1	linear	18.21129984218628	0.11107423053711526
3x2f_2	cnn	9.885975406681798	0.2569906790945406
3x2f_2	linear	15.710554145503563	0.09222439811081673
4kyk_1	cnn	13.743101315291947	0.18482465992761762
4kyk_1	linear	22.223865955709538	0.07863501483679525
3gc8_2	cnn	9.309833133491257	0.21591528459082768
3gc8_2	linear	13.243838831785956	0.1334587909977725
2uyw_1	cnn	2.432066776033377	0.08990969768354927
2uyw_1	linear	10.204591113383898	0.08959943780744906
3klb_1	cnn	2.1596661768392895	0.11497584541062802
3klb_1	linear	13.350332282025432	0.017777777777777778
2rcw_1	cnn	4.224664690524563	0.3469680931498563
2rcw_1	linear	6.034500835790613	0.16548557174442996
3e8s_1	cnn	6.4727070644685885	0.14858815426997246
3e8s_1	linear	8.610619546929152	0.23632397054813198
1vg8_2	cnn	24.201790093518714	0.053880668257756566
1vg8_2	linear	18.26197898491852	0.05224709738347869
3nks_1	cnn	5.1024480930551315	0.10928667563930014
3nks_1	linear	11.931701419897463	0.12363679704415884
1w4a_2	cnn	22.245796398860037	0.07695589935583329
1w4a_2	linear	13.321987911992728	0.07728495532153623
2puc_1	cnn	21.051530692163997	0.12991810849085647
2puc_1	linear	8.172039361581819	0.08294878368370079
1xb1_2	cnn	29.656321335645732	0.0018996058317899036
1xb1_2	linear	26.80005005979296	0.028622859077866297
4b6u_1	cnn	2.3414277595246586	0.11608241082410824
4b6u_1	linear	15.179756778545382	0.10909797822706065
1s20_4	cnn	36.63137899439625	0.022038595002121977
1s20_4	linear	42.1525613147814	0.014594376096126639
4hh4_4	cnn	7.060983171278941	0.14768683274021352
4hh4_4	linear	8.276928553638022	0.21361746361746362
4bqu_2	cnn	0.7358961251448649	0.09288594470046083
4bqu_2	linear	4.6423895564276885	0.06797930439781547
5ah5_1	cnn	12.903793110077348	0.17602848101265822
5ah5_1	linear	10.004238711695116	0.03854903441150759
3jun_3	cnn	1.7244637251934527	0.0968586387434555
3jun_3	linear	13.466069133947748	0.16630092548420952
3lns_4	cnn	2.8504318187876567	0.4408464072357769
3lns_4	linear	11.261561318196918	0.20062910284463895
5l6w_1	cnn	17.19911182214068	0.15428833511695458
5l6w_1	linear	24.670424550373	0.0
3wqu_4	cnn	6.499321352147085	0.2709544346521658
3wqu_4	linear	14.865458470343562	0.16617610712921563
5hbr_2	cnn	37.34029587977408	0.0671184886880791
5hbr_2	linear	37.48814809751201	0.04090075746610701
5jr3_3	cnn	4.1580890960042	0.26161830620429344
5jr3_3	linear	6.454679631871209	0.143375748502994
4pgh_1	cnn	13.611108145518532	0.06761621537016747
4pgh_1	linear	15.195465826158236	0.1008745107632094
3hgg_1	cnn	0.8350930048827446	0.17006149116064564
3hgg_1	linear	2.742271422983181	0.29068277503203366
2azn_1	cnn	19.2051129619546	0.03901860933293004
2azn_1	linear	27.960458339531638	0.02061352467123432
1r6t_1	cnn	17.863318940452707	0.12067343331242515
1r6t_1	linear	21.701667563726343	0.06812383811232989
1kvk_1	cnn	5.661686148383776	0.18904143888494762
1kvk_1	linear	9.112682293349065	0.07950025211496442
5fmm_1	cnn	18.933659166749884	0.11118815842112281
5fmm_1	linear	21.90793049157073	0.07418981202191066
5flj_6	cnn	1.962915861586106	0.14998249912495626
5flj_6	linear	2.4955397077208765	0.4278629395852119
2ntv_1	cnn	2.3935683101694942	0.12210354815351195
2ntv_1	linear	21.864952046112595	0.10920547245784838
2pbz_2	cnn	19.37736153653332	0.07850337435490273
2pbz_2	linear	21.61378608854958	0.049115682293046116
1yre_1	cnn	25.279470030539564	0.06181935597499046
1yre_1	linear	25.835653331558213	0.03763877606282155
3w2w_2	cnn	16.248648816631768	0.1054696140744127
3w2w_2	linear	17.263722098573442	0.05503012078791511
2fg5_1	cnn	1.5042826857048928	0.08907595927956147
2fg5_1	linear	11.887847689487115	0.1171633398931684
4qdk_1	cnn	4.665449181991506	0.17451479478205537
4qdk_1	linear	5.863767011170796	0.23850489469000297
4ztv_1	cnn	6.7049496440912035	0.15921182266009853
4ztv_1	linear	14.297924070186307	0.14750321837522867
4mq2_2	cnn	17.79290119324626	0.08221703330465774
4mq2_2	linear	23.064706270911884	0.05508157461457865
1wg8_1	cnn	8.367811509525668	0.30734689461155595
1wg8_1	linear	31.49045770566112	0.044259533878911045
1i2l_1	cnn	2.0972081108649063	0.23334029663672445
1i2l_1	linear	6.53170968621634	0.30833056754065713
2bhi_1	cnn	8.790714545682874	0.05863991081382386
2bhi_1	linear	5.317199040590645	0.08111213235294118
5aya_1	cnn	7.406813655845372	0.1999612478201899
5aya_1	linear	17.118243792196413	0.010209662716499545
1jik_1	cnn	2.9075001817642194	0.08412210127780408
1jik_1	linear	16.72602436657248	0.009447983014861995
2buf_18	cnn	9.831542991307298	0.008286967569521264
2buf_18	linear	16.79603716774395	0.006179222987975373
4dm6_2	cnn	1.4904248048864686	0.16298200514138816
4dm6_2	linear	9.706348260473346	0.22934083938999286
1ebd_2	cnn	20.6560048385826	0.1438507462686567
1ebd_2	linear	24.640487006221505	0.10111869961825914
1i7g_2	cnn	19.789883367394797	0.040880705594540656
1i7g_2	linear	18.411522969653156	0.0
1s3g_1	cnn	1.3885139009625813	0.14787549011762824
1s3g_1	linear	7.740686179368589	0.213286971961234
2hay_1	cnn	25.814886093315877	0.09171288136078988
2hay_1	linear	28.508306244517982	0.05189209975360688
1llw_1	cnn	23.174006407511865	0.062338125222763455
1llw_1	linear	19.641748447348792	0.033036430789475
4nb6_2	cnn	3.596042136364635	0.178851360980476
4nb6_2	linear	13.81067722805582	0.23177789172954363
3i97_1	cnn	0.8898643445358106	0.1454486556527373
3i97_1	linear	22.531595762063155	0.0
3tlk_3	cnn	3.7674156917781283	0.4553210106092092
3tlk_3	linear	13.772319680114286	0.08422099557412104
3k9v_4	cnn	7.034350245729635	0.3297076818490823
3k9v_4	linear	10.005451318708566	0.08830010493179434
3vyw_6	cnn	5.791617438649201	0.14943768294561702
3vyw_6	linear	2.641256220144367	0.32670777704603965
2q28_2	cnn	12.713233953004258	0.2542973785990546
2q28_2	linear	13.350693683585517	0.05881438203245621
2fgi_1	cnn	28.29807367269109	0.08082015446855462
2fgi_1	linear	38.41883608648594	0.054806490370028764
